{
	"AUTOGEN_COMMAND_LINE_LENGTH_MAX" : 32000,
	"BUILD_DIR" : "E:/SerialQT/Humidity/build/Desktop_Qt_6_8_3_MinGW_64_bit-Release/Humidity_autogen",
	"CMAKE_BINARY_DIR" : "E:/SerialQT/Humidity/build/Desktop_Qt_6_8_3_MinGW_64_bit-Release",
	"CMAKE_CURRENT_BINARY_DIR" : "E:/SerialQT/Humidity/build/Desktop_Qt_6_8_3_MinGW_64_bit-Release",
	"CMAKE_CURRENT_SOURCE_DIR" : "E:/SerialQT/Humidity",
	"CMAKE_EXECUTABLE" : "E:/QT/Tools/CMake_64/bin/cmake.exe",
	"CMAKE_LIST_FILES" : 
	[
		"E:/SerialQT/Humidity/CMakeLists.txt",
		"E:/SerialQT/Humidity/build/Desktop_Qt_6_8_3_MinGW_64_bit-Release/.qtc/package-manager/auto-setup.cmake",
		"E:/QT/Tools/CMake_64/share/cmake-3.30/Modules/CMakeDetermineSystem.cmake",
		"E:/QT/Tools/CMake_64/share/cmake-3.30/Modules/CMakeSystem.cmake.in",
		"E:/SerialQT/Humidity/build/Desktop_Qt_6_8_3_MinGW_64_bit-Release/CMakeFiles/3.30.5/CMakeSystem.cmake",
		"E:/QT/Tools/CMake_64/share/cmake-3.30/Modules/CMakeNinjaFindMake.cmake",
		"E:/SerialQT/Humidity/build/Desktop_Qt_6_8_3_MinGW_64_bit-Release/.qtc/package-manager/maintenance_tool_provider.cmake",
		"E:/QT/Tools/CMake_64/share/cmake-3.30/Modules/CMakeSystemSpecificInitialize.cmake",
		"E:/QT/Tools/CMake_64/share/cmake-3.30/Modules/Platform/Windows-Initialize.cmake",
		"E:/QT/Tools/CMake_64/share/cmake-3.30/Modules/CMakeDetermineCXXCompiler.cmake",
		"E:/QT/Tools/CMake_64/share/cmake-3.30/Modules/CMakeDetermineCompiler.cmake",
		"E:/QT/Tools/CMake_64/share/cmake-3.30/Modules/Platform/Windows-Determine-CXX.cmake",
		"E:/QT/Tools/CMake_64/share/cmake-3.30/Modules/CMakeDetermineCompilerId.cmake",
		"E:/QT/Tools/CMake_64/share/cmake-3.30/Modules/CMakeCompilerIdDetection.cmake",
		"E:/QT/Tools/CMake_64/share/cmake-3.30/Modules/Compiler/ADSP-DetermineCompiler.cmake",
		"E:/QT/Tools/CMake_64/share/cmake-3.30/Modules/Compiler/ARMCC-DetermineCompiler.cmake",
		"E:/QT/Tools/CMake_64/share/cmake-3.30/Modules/Compiler/ARMClang-DetermineCompiler.cmake",
		"E:/QT/Tools/CMake_64/share/cmake-3.30/Modules/Compiler/AppleClang-DetermineCompiler.cmake",
		"E:/QT/Tools/CMake_64/share/cmake-3.30/Modules/Compiler/Clang-DetermineCompilerInternal.cmake",
		"E:/QT/Tools/CMake_64/share/cmake-3.30/Modules/Compiler/Borland-DetermineCompiler.cmake",
		"E:/QT/Tools/CMake_64/share/cmake-3.30/Modules/Compiler/Clang-DetermineCompiler.cmake",
		"E:/QT/Tools/CMake_64/share/cmake-3.30/Modules/Compiler/Clang-DetermineCompilerInternal.cmake",
		"E:/QT/Tools/CMake_64/share/cmake-3.30/Modules/Compiler/Compaq-CXX-DetermineCompiler.cmake",
		"E:/QT/Tools/CMake_64/share/cmake-3.30/Modules/Compiler/Cray-DetermineCompiler.cmake",
		"E:/QT/Tools/CMake_64/share/cmake-3.30/Modules/Compiler/CrayClang-DetermineCompiler.cmake",
		"E:/QT/Tools/CMake_64/share/cmake-3.30/Modules/Compiler/Embarcadero-DetermineCompiler.cmake",
		"E:/QT/Tools/CMake_64/share/cmake-3.30/Modules/Compiler/Fujitsu-DetermineCompiler.cmake",
		"E:/QT/Tools/CMake_64/share/cmake-3.30/Modules/Compiler/FujitsuClang-DetermineCompiler.cmake",
		"E:/QT/Tools/CMake_64/share/cmake-3.30/Modules/Compiler/GHS-DetermineCompiler.cmake",
		"E:/QT/Tools/CMake_64/share/cmake-3.30/Modules/Compiler/GNU-CXX-DetermineCompiler.cmake",
		"E:/QT/Tools/CMake_64/share/cmake-3.30/Modules/Compiler/HP-CXX-DetermineCompiler.cmake",
		"E:/QT/Tools/CMake_64/share/cmake-3.30/Modules/Compiler/IAR-DetermineCompiler.cmake",
		"E:/QT/Tools/CMake_64/share/cmake-3.30/Modules/Compiler/IBMClang-CXX-DetermineCompiler.cmake",
		"E:/QT/Tools/CMake_64/share/cmake-3.30/Modules/Compiler/Intel-DetermineCompiler.cmake",
		"E:/QT/Tools/CMake_64/share/cmake-3.30/Modules/Compiler/IntelLLVM-DetermineCompiler.cmake",
		"E:/QT/Tools/CMake_64/share/cmake-3.30/Modules/Compiler/LCC-CXX-DetermineCompiler.cmake",
		"E:/QT/Tools/CMake_64/share/cmake-3.30/Modules/Compiler/MSVC-DetermineCompiler.cmake",
		"E:/QT/Tools/CMake_64/share/cmake-3.30/Modules/Compiler/NVHPC-DetermineCompiler.cmake",
		"E:/QT/Tools/CMake_64/share/cmake-3.30/Modules/Compiler/NVIDIA-DetermineCompiler.cmake",
		"E:/QT/Tools/CMake_64/share/cmake-3.30/Modules/Compiler/OpenWatcom-DetermineCompiler.cmake",
		"E:/QT/Tools/CMake_64/share/cmake-3.30/Modules/Compiler/OrangeC-DetermineCompiler.cmake",
		"E:/QT/Tools/CMake_64/share/cmake-3.30/Modules/Compiler/PGI-DetermineCompiler.cmake",
		"E:/QT/Tools/CMake_64/share/cmake-3.30/Modules/Compiler/PathScale-DetermineCompiler.cmake",
		"E:/QT/Tools/CMake_64/share/cmake-3.30/Modules/Compiler/SCO-DetermineCompiler.cmake",
		"E:/QT/Tools/CMake_64/share/cmake-3.30/Modules/Compiler/SunPro-CXX-DetermineCompiler.cmake",
		"E:/QT/Tools/CMake_64/share/cmake-3.30/Modules/Compiler/TI-DetermineCompiler.cmake",
		"E:/QT/Tools/CMake_64/share/cmake-3.30/Modules/Compiler/TIClang-DetermineCompiler.cmake",
		"E:/QT/Tools/CMake_64/share/cmake-3.30/Modules/Compiler/Tasking-DetermineCompiler.cmake",
		"E:/QT/Tools/CMake_64/share/cmake-3.30/Modules/Compiler/VisualAge-CXX-DetermineCompiler.cmake",
		"E:/QT/Tools/CMake_64/share/cmake-3.30/Modules/Compiler/IBMCPP-CXX-DetermineVersionInternal.cmake",
		"E:/QT/Tools/CMake_64/share/cmake-3.30/Modules/Compiler/Watcom-DetermineCompiler.cmake",
		"E:/QT/Tools/CMake_64/share/cmake-3.30/Modules/Compiler/XL-CXX-DetermineCompiler.cmake",
		"E:/QT/Tools/CMake_64/share/cmake-3.30/Modules/Compiler/IBMCPP-CXX-DetermineVersionInternal.cmake",
		"E:/QT/Tools/CMake_64/share/cmake-3.30/Modules/Compiler/XLClang-CXX-DetermineCompiler.cmake",
		"E:/QT/Tools/CMake_64/share/cmake-3.30/Modules/Compiler/zOS-CXX-DetermineCompiler.cmake",
		"E:/QT/Tools/CMake_64/share/cmake-3.30/Modules/Compiler/IBMCPP-CXX-DetermineVersionInternal.cmake",
		"E:/QT/Tools/CMake_64/share/cmake-3.30/Modules/CMakeFindBinUtils.cmake",
		"E:/QT/Tools/CMake_64/share/cmake-3.30/Modules/Compiler/GNU-FindBinUtils.cmake",
		"E:/QT/Tools/CMake_64/share/cmake-3.30/Modules/CMakeCXXCompiler.cmake.in",
		"E:/SerialQT/Humidity/build/Desktop_Qt_6_8_3_MinGW_64_bit-Release/CMakeFiles/3.30.5/CMakeCXXCompiler.cmake",
		"E:/QT/Tools/CMake_64/share/cmake-3.30/Modules/CMakeSystemSpecificInformation.cmake",
		"E:/QT/Tools/CMake_64/share/cmake-3.30/Modules/CMakeGenericSystem.cmake",
		"E:/QT/Tools/CMake_64/share/cmake-3.30/Modules/CMakeInitializeConfigs.cmake",
		"E:/QT/Tools/CMake_64/share/cmake-3.30/Modules/Platform/Windows.cmake",
		"E:/QT/Tools/CMake_64/share/cmake-3.30/Modules/Platform/WindowsPaths.cmake",
		"E:/QT/Tools/CMake_64/share/cmake-3.30/Modules/CMakeCXXInformation.cmake",
		"E:/QT/Tools/CMake_64/share/cmake-3.30/Modules/CMakeLanguageInformation.cmake",
		"E:/QT/Tools/CMake_64/share/cmake-3.30/Modules/Compiler/GNU-CXX.cmake",
		"E:/QT/Tools/CMake_64/share/cmake-3.30/Modules/Compiler/GNU.cmake",
		"E:/QT/Tools/CMake_64/share/cmake-3.30/Modules/Compiler/CMakeCommonCompilerMacros.cmake",
		"E:/QT/Tools/CMake_64/share/cmake-3.30/Modules/Platform/Windows-GNU-CXX.cmake",
		"E:/QT/Tools/CMake_64/share/cmake-3.30/Modules/Platform/Windows-GNU.cmake",
		"E:/QT/Tools/CMake_64/share/cmake-3.30/Modules/CMakeDetermineRCCompiler.cmake",
		"E:/QT/Tools/CMake_64/share/cmake-3.30/Modules/CMakeRCCompiler.cmake.in",
		"E:/SerialQT/Humidity/build/Desktop_Qt_6_8_3_MinGW_64_bit-Release/CMakeFiles/3.30.5/CMakeRCCompiler.cmake",
		"E:/QT/Tools/CMake_64/share/cmake-3.30/Modules/CMakeRCInformation.cmake",
		"E:/QT/Tools/CMake_64/share/cmake-3.30/Modules/Platform/Windows-windres.cmake",
		"E:/QT/Tools/CMake_64/share/cmake-3.30/Modules/CMakeTestRCCompiler.cmake",
		"E:/QT/Tools/CMake_64/share/cmake-3.30/Modules/CMakeCommonLanguageInclude.cmake",
		"E:/QT/Tools/CMake_64/share/cmake-3.30/Modules/CMakeTestCXXCompiler.cmake",
		"E:/QT/Tools/CMake_64/share/cmake-3.30/Modules/CMakeTestCompilerCommon.cmake",
		"E:/QT/Tools/CMake_64/share/cmake-3.30/Modules/CMakeDetermineCompilerABI.cmake",
		"E:/QT/Tools/CMake_64/share/cmake-3.30/Modules/Internal/CMakeDetermineLinkerId.cmake",
		"E:/QT/Tools/CMake_64/share/cmake-3.30/Modules/CMakeParseImplicitIncludeInfo.cmake",
		"E:/QT/Tools/CMake_64/share/cmake-3.30/Modules/CMakeParseImplicitLinkInfo.cmake",
		"E:/QT/Tools/CMake_64/share/cmake-3.30/Modules/CMakeParseLibraryArchitecture.cmake",
		"E:/QT/Tools/CMake_64/share/cmake-3.30/Modules/CMakeTestCompilerCommon.cmake",
		"E:/QT/Tools/CMake_64/share/cmake-3.30/Modules/CMakeCXXCompilerABI.cpp",
		"E:/QT/Tools/CMake_64/share/cmake-3.30/Modules/CMakeDetermineCompilerSupport.cmake",
		"E:/QT/Tools/CMake_64/share/cmake-3.30/Modules/Internal/FeatureTesting.cmake",
		"E:/QT/Tools/CMake_64/share/cmake-3.30/Modules/CMakeCXXCompiler.cmake.in",
		"E:/SerialQT/Humidity/build/Desktop_Qt_6_8_3_MinGW_64_bit-Release/CMakeFiles/3.30.5/CMakeCXXCompiler.cmake",
		"E:/QT/Tools/CMake_64/share/cmake-3.30/Modules/Platform/Windows-GNU-CXX-ABI.cmake",
		"E:/QT/6.8.3/mingw_64/lib/cmake/Qt6Core/Qt6CoreConfigVersion.cmake",
		"E:/QT/6.8.3/mingw_64/lib/cmake/Qt6Core/Qt6CoreConfigVersionImpl.cmake",
		"E:/QT/6.8.3/mingw_64/lib/cmake/Qt6Core/Qt6CoreConfig.cmake",
		"E:/QT/Tools/CMake_64/share/cmake-3.30/Modules/CMakeFindDependencyMacro.cmake",
		"E:/QT/6.8.3/mingw_64/lib/cmake/Qt6Core/Qt6CoreDependencies.cmake",
		"E:/QT/6.8.3/mingw_64/lib/cmake/Qt6/Qt6ConfigVersion.cmake",
		"E:/QT/6.8.3/mingw_64/lib/cmake/Qt6/Qt6ConfigVersionImpl.cmake",
		"E:/QT/6.8.3/mingw_64/lib/cmake/Qt6/Qt6Config.cmake",
		"E:/QT/6.8.3/mingw_64/lib/cmake/Qt6/Qt6ConfigExtras.cmake",
		"E:/QT/6.8.3/mingw_64/lib/cmake/Qt6/QtPublicCMakeVersionHelpers.cmake",
		"E:/QT/6.8.3/mingw_64/lib/cmake/Qt6/QtPublicCMakeHelpers.cmake",
		"E:/QT/6.8.3/mingw_64/lib/cmake/Qt6/QtInstallPaths.cmake",
		"E:/QT/6.8.3/mingw_64/lib/cmake/Qt6/Qt6Targets.cmake",
		"E:/QT/6.8.3/mingw_64/lib/cmake/Qt6/Qt6VersionlessAliasTargets.cmake",
		"E:/QT/6.8.3/mingw_64/lib/cmake/Qt6/QtFeature.cmake",
		"E:/QT/Tools/CMake_64/share/cmake-3.30/Modules/CheckCXXCompilerFlag.cmake",
		"E:/QT/Tools/CMake_64/share/cmake-3.30/Modules/Internal/CheckCompilerFlag.cmake",
		"E:/QT/Tools/CMake_64/share/cmake-3.30/Modules/Internal/CheckFlagCommonConfig.cmake",
		"E:/QT/Tools/CMake_64/share/cmake-3.30/Modules/Internal/CheckSourceCompiles.cmake",
		"E:/QT/Tools/CMake_64/share/cmake-3.30/Modules/CMakeCheckCompilerFlagCommonPatterns.cmake",
		"E:/QT/Tools/CMake_64/share/cmake-3.30/Modules/CheckCXXSourceCompiles.cmake",
		"E:/QT/Tools/CMake_64/share/cmake-3.30/Modules/Internal/CheckSourceCompiles.cmake",
		"E:/QT/6.8.3/mingw_64/lib/cmake/Qt6/QtFeatureCommon.cmake",
		"E:/QT/6.8.3/mingw_64/lib/cmake/Qt6/QtPublicAppleHelpers.cmake",
		"E:/QT/6.8.3/mingw_64/lib/cmake/Qt6/QtPublicCMakeHelpers.cmake",
		"E:/QT/6.8.3/mingw_64/lib/cmake/Qt6/QtPublicCMakeVersionHelpers.cmake",
		"E:/QT/6.8.3/mingw_64/lib/cmake/Qt6/QtPublicDependencyHelpers.cmake",
		"E:/QT/6.8.3/mingw_64/lib/cmake/Qt6/QtPublicExternalProjectHelpers.cmake",
		"E:/QT/6.8.3/mingw_64/lib/cmake/Qt6/QtPublicFinalizerHelpers.cmake",
		"E:/QT/6.8.3/mingw_64/lib/cmake/Qt6/QtPublicFindPackageHelpers.cmake",
		"E:/QT/6.8.3/mingw_64/lib/cmake/Qt6/QtPublicGitHelpers.cmake",
		"E:/QT/6.8.3/mingw_64/lib/cmake/Qt6/QtPublicPluginHelpers.cmake",
		"E:/QT/6.8.3/mingw_64/lib/cmake/Qt6/QtPublicSbomAttributionHelpers.cmake",
		"E:/QT/6.8.3/mingw_64/lib/cmake/Qt6/QtPublicSbomCpeHelpers.cmake",
		"E:/QT/6.8.3/mingw_64/lib/cmake/Qt6/QtPublicSbomDepHelpers.cmake",
		"E:/QT/6.8.3/mingw_64/lib/cmake/Qt6/QtPublicSbomFileHelpers.cmake",
		"E:/QT/6.8.3/mingw_64/lib/cmake/Qt6/QtPublicSbomGenerationHelpers.cmake",
		"E:/QT/6.8.3/mingw_64/lib/cmake/Qt6/QtPublicSbomHelpers.cmake",
		"E:/QT/6.8.3/mingw_64/lib/cmake/Qt6/QtPublicSbomLicenseHelpers.cmake",
		"E:/QT/6.8.3/mingw_64/lib/cmake/Qt6/QtPublicSbomOpsHelpers.cmake",
		"E:/QT/6.8.3/mingw_64/lib/cmake/Qt6/QtPublicSbomPurlHelpers.cmake",
		"E:/QT/6.8.3/mingw_64/lib/cmake/Qt6/QtPublicSbomPythonHelpers.cmake",
		"E:/QT/6.8.3/mingw_64/lib/cmake/Qt6/QtPublicSbomQtEntityHelpers.cmake",
		"E:/QT/6.8.3/mingw_64/lib/cmake/Qt6/QtPublicSbomSystemDepHelpers.cmake",
		"E:/QT/6.8.3/mingw_64/lib/cmake/Qt6/QtPublicTargetHelpers.cmake",
		"E:/QT/6.8.3/mingw_64/lib/cmake/Qt6/QtPublicTestHelpers.cmake",
		"E:/QT/6.8.3/mingw_64/lib/cmake/Qt6/QtPublicToolHelpers.cmake",
		"E:/QT/6.8.3/mingw_64/lib/cmake/Qt6/QtPublicWalkLibsHelpers.cmake",
		"E:/QT/Tools/CMake_64/share/cmake-3.30/Modules/CMakeFindDependencyMacro.cmake",
		"E:/QT/6.8.3/mingw_64/lib/cmake/Qt6/Qt6Dependencies.cmake",
		"E:/QT/Tools/CMake_64/share/cmake-3.30/Modules/FindThreads.cmake",
		"E:/QT/Tools/CMake_64/share/cmake-3.30/Modules/CheckLibraryExists.cmake",
		"E:/QT/Tools/CMake_64/share/cmake-3.30/Modules/CheckIncludeFileCXX.cmake",
		"E:/QT/Tools/CMake_64/share/cmake-3.30/Modules/CheckCXXSourceCompiles.cmake",
		"E:/QT/Tools/CMake_64/share/cmake-3.30/Modules/FindPackageHandleStandardArgs.cmake",
		"E:/QT/Tools/CMake_64/share/cmake-3.30/Modules/FindPackageMessage.cmake",
		"E:/QT/6.8.3/mingw_64/lib/cmake/Qt6/FindWrapAtomic.cmake",
		"E:/QT/Tools/CMake_64/share/cmake-3.30/Modules/CheckCXXSourceCompiles.cmake",
		"E:/QT/Tools/CMake_64/share/cmake-3.30/Modules/FindPackageHandleStandardArgs.cmake",
		"E:/QT/Tools/CMake_64/share/cmake-3.30/Modules/FindPackageMessage.cmake",
		"E:/QT/6.8.3/mingw_64/lib/cmake/Qt6CoreTools/Qt6CoreToolsConfigVersion.cmake",
		"E:/QT/6.8.3/mingw_64/lib/cmake/Qt6CoreTools/Qt6CoreToolsConfigVersionImpl.cmake",
		"E:/QT/6.8.3/mingw_64/lib/cmake/Qt6CoreTools/Qt6CoreToolsConfig.cmake",
		"E:/QT/Tools/CMake_64/share/cmake-3.30/Modules/CMakeFindDependencyMacro.cmake",
		"E:/QT/6.8.3/mingw_64/lib/cmake/Qt6CoreTools/Qt6CoreToolsDependencies.cmake",
		"E:/QT/6.8.3/mingw_64/lib/cmake/Qt6CoreTools/Qt6CoreToolsTargets.cmake",
		"E:/QT/6.8.3/mingw_64/lib/cmake/Qt6CoreTools/Qt6CoreToolsTargets-relwithdebinfo.cmake",
		"E:/QT/6.8.3/mingw_64/lib/cmake/Qt6CoreTools/Qt6CoreToolsAdditionalTargetInfo.cmake",
		"E:/QT/6.8.3/mingw_64/lib/cmake/Qt6CoreTools/Qt6CoreToolsVersionlessTargets.cmake",
		"E:/QT/6.8.3/mingw_64/lib/cmake/Qt6ZlibPrivate/Qt6ZlibPrivateConfigVersion.cmake",
		"E:/QT/6.8.3/mingw_64/lib/cmake/Qt6ZlibPrivate/Qt6ZlibPrivateConfigVersionImpl.cmake",
		"E:/QT/6.8.3/mingw_64/lib/cmake/Qt6ZlibPrivate/Qt6ZlibPrivateConfig.cmake",
		"E:/QT/Tools/CMake_64/share/cmake-3.30/Modules/CMakeFindDependencyMacro.cmake",
		"E:/QT/6.8.3/mingw_64/lib/cmake/Qt6ZlibPrivate/Qt6ZlibPrivateTargets.cmake",
		"E:/QT/6.8.3/mingw_64/lib/cmake/Qt6ZlibPrivate/Qt6ZlibPrivateAdditionalTargetInfo.cmake",
		"E:/QT/6.8.3/mingw_64/lib/cmake/Qt6ZlibPrivate/Qt6ZlibPrivateVersionlessAliasTargets.cmake",
		"E:/QT/6.8.3/mingw_64/lib/cmake/Qt6EntryPointPrivate/Qt6EntryPointPrivateConfigVersion.cmake",
		"E:/QT/6.8.3/mingw_64/lib/cmake/Qt6EntryPointPrivate/Qt6EntryPointPrivateConfigVersionImpl.cmake",
		"E:/QT/6.8.3/mingw_64/lib/cmake/Qt6EntryPointPrivate/Qt6EntryPointPrivateConfig.cmake",
		"E:/QT/Tools/CMake_64/share/cmake-3.30/Modules/CMakeFindDependencyMacro.cmake",
		"E:/QT/6.8.3/mingw_64/lib/cmake/Qt6EntryPointPrivate/Qt6EntryPointPrivateTargets.cmake",
		"E:/QT/6.8.3/mingw_64/lib/cmake/Qt6EntryPointPrivate/Qt6EntryPointPrivateTargets-relwithdebinfo.cmake",
		"E:/QT/6.8.3/mingw_64/lib/cmake/Qt6EntryPointPrivate/Qt6EntryPointPrivateAdditionalTargetInfo.cmake",
		"E:/QT/6.8.3/mingw_64/lib/cmake/Qt6EntryPointPrivate/Qt6EntryPointMinGW32Target.cmake",
		"E:/QT/6.8.3/mingw_64/lib/cmake/Qt6EntryPointPrivate/Qt6EntryPointPrivateVersionlessAliasTargets.cmake",
		"E:/QT/6.8.3/mingw_64/lib/cmake/Qt6Core/Qt6CoreTargets.cmake",
		"E:/QT/6.8.3/mingw_64/lib/cmake/Qt6Core/Qt6CoreTargets-relwithdebinfo.cmake",
		"E:/QT/6.8.3/mingw_64/lib/cmake/Qt6Core/Qt6CoreAdditionalTargetInfo.cmake",
		"E:/QT/6.8.3/mingw_64/lib/cmake/Qt6Core/Qt6CoreMacros.cmake",
		"E:/QT/6.8.3/mingw_64/lib/cmake/Qt6Core/Qt6CoreConfigExtras.cmake",
		"E:/QT/Tools/CMake_64/share/cmake-3.30/Modules/GNUInstallDirs.cmake",
		"E:/QT/6.8.3/mingw_64/lib/cmake/Qt6Core/Qt6CoreVersionlessAliasTargets.cmake",
		"E:/QT/6.8.3/mingw_64/lib/cmake/Qt6Widgets/Qt6WidgetsConfigVersion.cmake",
		"E:/QT/6.8.3/mingw_64/lib/cmake/Qt6Widgets/Qt6WidgetsConfigVersionImpl.cmake",
		"E:/QT/6.8.3/mingw_64/lib/cmake/Qt6Widgets/Qt6WidgetsConfig.cmake",
		"E:/QT/Tools/CMake_64/share/cmake-3.30/Modules/CMakeFindDependencyMacro.cmake",
		"E:/QT/6.8.3/mingw_64/lib/cmake/Qt6Widgets/Qt6WidgetsDependencies.cmake",
		"E:/QT/6.8.3/mingw_64/lib/cmake/Qt6WidgetsTools/Qt6WidgetsToolsConfigVersion.cmake",
		"E:/QT/6.8.3/mingw_64/lib/cmake/Qt6WidgetsTools/Qt6WidgetsToolsConfigVersionImpl.cmake",
		"E:/QT/6.8.3/mingw_64/lib/cmake/Qt6WidgetsTools/Qt6WidgetsToolsConfig.cmake",
		"E:/QT/Tools/CMake_64/share/cmake-3.30/Modules/CMakeFindDependencyMacro.cmake",
		"E:/QT/6.8.3/mingw_64/lib/cmake/Qt6WidgetsTools/Qt6WidgetsToolsDependencies.cmake",
		"E:/QT/6.8.3/mingw_64/lib/cmake/Qt6CoreTools/Qt6CoreToolsConfigVersion.cmake",
		"E:/QT/6.8.3/mingw_64/lib/cmake/Qt6CoreTools/Qt6CoreToolsConfigVersionImpl.cmake",
		"E:/QT/6.8.3/mingw_64/lib/cmake/Qt6CoreTools/Qt6CoreToolsConfig.cmake",
		"E:/QT/Tools/CMake_64/share/cmake-3.30/Modules/CMakeFindDependencyMacro.cmake",
		"E:/QT/6.8.3/mingw_64/lib/cmake/Qt6CoreTools/Qt6CoreToolsDependencies.cmake",
		"E:/QT/6.8.3/mingw_64/lib/cmake/Qt6CoreTools/Qt6CoreToolsTargets.cmake",
		"E:/QT/6.8.3/mingw_64/lib/cmake/Qt6CoreTools/Qt6CoreToolsAdditionalTargetInfo.cmake",
		"E:/QT/6.8.3/mingw_64/lib/cmake/Qt6CoreTools/Qt6CoreToolsVersionlessTargets.cmake",
		"E:/QT/6.8.3/mingw_64/lib/cmake/Qt6GuiTools/Qt6GuiToolsConfigVersion.cmake",
		"E:/QT/6.8.3/mingw_64/lib/cmake/Qt6GuiTools/Qt6GuiToolsConfigVersionImpl.cmake",
		"E:/QT/6.8.3/mingw_64/lib/cmake/Qt6GuiTools/Qt6GuiToolsConfig.cmake",
		"E:/QT/Tools/CMake_64/share/cmake-3.30/Modules/CMakeFindDependencyMacro.cmake",
		"E:/QT/6.8.3/mingw_64/lib/cmake/Qt6GuiTools/Qt6GuiToolsDependencies.cmake",
		"E:/QT/6.8.3/mingw_64/lib/cmake/Qt6CoreTools/Qt6CoreToolsConfigVersion.cmake",
		"E:/QT/6.8.3/mingw_64/lib/cmake/Qt6CoreTools/Qt6CoreToolsConfigVersionImpl.cmake",
		"E:/QT/6.8.3/mingw_64/lib/cmake/Qt6CoreTools/Qt6CoreToolsConfig.cmake",
		"E:/QT/Tools/CMake_64/share/cmake-3.30/Modules/CMakeFindDependencyMacro.cmake",
		"E:/QT/6.8.3/mingw_64/lib/cmake/Qt6CoreTools/Qt6CoreToolsDependencies.cmake",
		"E:/QT/6.8.3/mingw_64/lib/cmake/Qt6CoreTools/Qt6CoreToolsTargets.cmake",
		"E:/QT/6.8.3/mingw_64/lib/cmake/Qt6CoreTools/Qt6CoreToolsAdditionalTargetInfo.cmake",
		"E:/QT/6.8.3/mingw_64/lib/cmake/Qt6CoreTools/Qt6CoreToolsVersionlessTargets.cmake",
		"E:/QT/6.8.3/mingw_64/lib/cmake/Qt6GuiTools/Qt6GuiToolsTargets.cmake",
		"E:/QT/6.8.3/mingw_64/lib/cmake/Qt6GuiTools/Qt6GuiToolsTargets-relwithdebinfo.cmake",
		"E:/QT/6.8.3/mingw_64/lib/cmake/Qt6GuiTools/Qt6GuiToolsAdditionalTargetInfo.cmake",
		"E:/QT/6.8.3/mingw_64/lib/cmake/Qt6GuiTools/Qt6GuiToolsVersionlessTargets.cmake",
		"E:/QT/6.8.3/mingw_64/lib/cmake/Qt6WidgetsTools/Qt6WidgetsToolsTargets.cmake",
		"E:/QT/6.8.3/mingw_64/lib/cmake/Qt6WidgetsTools/Qt6WidgetsToolsTargets-relwithdebinfo.cmake",
		"E:/QT/6.8.3/mingw_64/lib/cmake/Qt6WidgetsTools/Qt6WidgetsToolsAdditionalTargetInfo.cmake",
		"E:/QT/6.8.3/mingw_64/lib/cmake/Qt6WidgetsTools/Qt6WidgetsToolsVersionlessTargets.cmake",
		"E:/QT/6.8.3/mingw_64/lib/cmake/Qt6Gui/Qt6GuiConfigVersion.cmake",
		"E:/QT/6.8.3/mingw_64/lib/cmake/Qt6Gui/Qt6GuiConfigVersionImpl.cmake",
		"E:/QT/6.8.3/mingw_64/lib/cmake/Qt6Gui/Qt6GuiConfig.cmake",
		"E:/QT/Tools/CMake_64/share/cmake-3.30/Modules/CMakeFindDependencyMacro.cmake",
		"E:/QT/6.8.3/mingw_64/lib/cmake/Qt6Gui/Qt6GuiDependencies.cmake",
		"E:/QT/6.8.3/mingw_64/lib/cmake/Qt6/FindWrapVulkanHeaders.cmake",
		"E:/QT/Tools/CMake_64/share/cmake-3.30/Modules/FindVulkan.cmake",
		"E:/QT/Tools/CMake_64/share/cmake-3.30/Modules/FindPackageHandleStandardArgs.cmake",
		"E:/QT/Tools/CMake_64/share/cmake-3.30/Modules/FindPackageMessage.cmake",
		"E:/QT/Tools/CMake_64/share/cmake-3.30/Modules/FindVulkan.cmake",
		"E:/QT/Tools/CMake_64/share/cmake-3.30/Modules/FindPackageHandleStandardArgs.cmake",
		"E:/QT/Tools/CMake_64/share/cmake-3.30/Modules/FindPackageMessage.cmake",
		"E:/QT/Tools/CMake_64/share/cmake-3.30/Modules/FindPackageHandleStandardArgs.cmake",
		"E:/QT/Tools/CMake_64/share/cmake-3.30/Modules/FindPackageMessage.cmake",
		"E:/QT/6.8.3/mingw_64/lib/cmake/Qt6/FindWrapVulkanHeaders.cmake",
		"E:/QT/Tools/CMake_64/share/cmake-3.30/Modules/FindVulkan.cmake",
		"E:/QT/Tools/CMake_64/share/cmake-3.30/Modules/FindPackageHandleStandardArgs.cmake",
		"E:/QT/Tools/CMake_64/share/cmake-3.30/Modules/FindPackageMessage.cmake",
		"E:/QT/Tools/CMake_64/share/cmake-3.30/Modules/FindVulkan.cmake",
		"E:/QT/Tools/CMake_64/share/cmake-3.30/Modules/FindPackageHandleStandardArgs.cmake",
		"E:/QT/Tools/CMake_64/share/cmake-3.30/Modules/FindPackageMessage.cmake",
		"E:/QT/Tools/CMake_64/share/cmake-3.30/Modules/FindPackageHandleStandardArgs.cmake",
		"E:/QT/Tools/CMake_64/share/cmake-3.30/Modules/FindPackageMessage.cmake",
		"E:/QT/6.8.3/mingw_64/lib/cmake/Qt6GuiTools/Qt6GuiToolsConfigVersion.cmake",
		"E:/QT/6.8.3/mingw_64/lib/cmake/Qt6GuiTools/Qt6GuiToolsConfigVersionImpl.cmake",
		"E:/QT/6.8.3/mingw_64/lib/cmake/Qt6GuiTools/Qt6GuiToolsConfig.cmake",
		"E:/QT/Tools/CMake_64/share/cmake-3.30/Modules/CMakeFindDependencyMacro.cmake",
		"E:/QT/6.8.3/mingw_64/lib/cmake/Qt6GuiTools/Qt6GuiToolsDependencies.cmake",
		"E:/QT/6.8.3/mingw_64/lib/cmake/Qt6CoreTools/Qt6CoreToolsConfigVersion.cmake",
		"E:/QT/6.8.3/mingw_64/lib/cmake/Qt6CoreTools/Qt6CoreToolsConfigVersionImpl.cmake",
		"E:/QT/6.8.3/mingw_64/lib/cmake/Qt6CoreTools/Qt6CoreToolsConfig.cmake",
		"E:/QT/Tools/CMake_64/share/cmake-3.30/Modules/CMakeFindDependencyMacro.cmake",
		"E:/QT/6.8.3/mingw_64/lib/cmake/Qt6CoreTools/Qt6CoreToolsDependencies.cmake",
		"E:/QT/6.8.3/mingw_64/lib/cmake/Qt6CoreTools/Qt6CoreToolsTargets.cmake",
		"E:/QT/6.8.3/mingw_64/lib/cmake/Qt6CoreTools/Qt6CoreToolsAdditionalTargetInfo.cmake",
		"E:/QT/6.8.3/mingw_64/lib/cmake/Qt6CoreTools/Qt6CoreToolsVersionlessTargets.cmake",
		"E:/QT/6.8.3/mingw_64/lib/cmake/Qt6GuiTools/Qt6GuiToolsTargets.cmake",
		"E:/QT/6.8.3/mingw_64/lib/cmake/Qt6GuiTools/Qt6GuiToolsAdditionalTargetInfo.cmake",
		"E:/QT/6.8.3/mingw_64/lib/cmake/Qt6GuiTools/Qt6GuiToolsVersionlessTargets.cmake",
		"E:/QT/6.8.3/mingw_64/lib/cmake/Qt6Gui/Qt6GuiTargets.cmake",
		"E:/QT/6.8.3/mingw_64/lib/cmake/Qt6Gui/Qt6GuiTargets-relwithdebinfo.cmake",
		"E:/QT/6.8.3/mingw_64/lib/cmake/Qt6Gui/Qt6GuiAdditionalTargetInfo.cmake",
		"E:/QT/6.8.3/mingw_64/lib/cmake/Qt6Gui/Qt6GuiPlugins.cmake",
		"E:/QT/6.8.3/mingw_64/lib/cmake/Qt6Gui/Qt6QGifPluginConfig.cmake",
		"E:/QT/Tools/CMake_64/share/cmake-3.30/Modules/CMakeFindDependencyMacro.cmake",
		"E:/QT/6.8.3/mingw_64/lib/cmake/Qt6Gui/Qt6QGifPluginTargets.cmake",
		"E:/QT/6.8.3/mingw_64/lib/cmake/Qt6Gui/Qt6QGifPluginTargets-relwithdebinfo.cmake",
		"E:/QT/6.8.3/mingw_64/lib/cmake/Qt6Gui/Qt6QGifPluginAdditionalTargetInfo.cmake",
		"E:/QT/6.8.3/mingw_64/lib/cmake/Qt6Gui/Qt6QICNSPluginConfig.cmake",
		"E:/QT/Tools/CMake_64/share/cmake-3.30/Modules/CMakeFindDependencyMacro.cmake",
		"E:/QT/6.8.3/mingw_64/lib/cmake/Qt6Gui/Qt6QICNSPluginTargets.cmake",
		"E:/QT/6.8.3/mingw_64/lib/cmake/Qt6Gui/Qt6QICNSPluginTargets-relwithdebinfo.cmake",
		"E:/QT/6.8.3/mingw_64/lib/cmake/Qt6Gui/Qt6QICNSPluginAdditionalTargetInfo.cmake",
		"E:/QT/6.8.3/mingw_64/lib/cmake/Qt6Gui/Qt6QICOPluginConfig.cmake",
		"E:/QT/Tools/CMake_64/share/cmake-3.30/Modules/CMakeFindDependencyMacro.cmake",
		"E:/QT/6.8.3/mingw_64/lib/cmake/Qt6Gui/Qt6QICOPluginTargets.cmake",
		"E:/QT/6.8.3/mingw_64/lib/cmake/Qt6Gui/Qt6QICOPluginTargets-relwithdebinfo.cmake",
		"E:/QT/6.8.3/mingw_64/lib/cmake/Qt6Gui/Qt6QICOPluginAdditionalTargetInfo.cmake",
		"E:/QT/6.8.3/mingw_64/lib/cmake/Qt6Gui/Qt6QJpegPluginConfig.cmake",
		"E:/QT/Tools/CMake_64/share/cmake-3.30/Modules/CMakeFindDependencyMacro.cmake",
		"E:/QT/6.8.3/mingw_64/lib/cmake/Qt6Gui/Qt6QJpegPluginTargets.cmake",
		"E:/QT/6.8.3/mingw_64/lib/cmake/Qt6Gui/Qt6QJpegPluginTargets-relwithdebinfo.cmake",
		"E:/QT/6.8.3/mingw_64/lib/cmake/Qt6Gui/Qt6QJpegPluginAdditionalTargetInfo.cmake",
		"E:/QT/6.8.3/mingw_64/lib/cmake/Qt6Gui/Qt6QMinimalIntegrationPluginConfig.cmake",
		"E:/QT/Tools/CMake_64/share/cmake-3.30/Modules/CMakeFindDependencyMacro.cmake",
		"E:/QT/6.8.3/mingw_64/lib/cmake/Qt6Gui/Qt6QMinimalIntegrationPluginTargets.cmake",
		"E:/QT/6.8.3/mingw_64/lib/cmake/Qt6Gui/Qt6QMinimalIntegrationPluginTargets-relwithdebinfo.cmake",
		"E:/QT/6.8.3/mingw_64/lib/cmake/Qt6Gui/Qt6QMinimalIntegrationPluginAdditionalTargetInfo.cmake",
		"E:/QT/6.8.3/mingw_64/lib/cmake/Qt6Gui/Qt6QOffscreenIntegrationPluginConfig.cmake",
		"E:/QT/Tools/CMake_64/share/cmake-3.30/Modules/CMakeFindDependencyMacro.cmake",
		"E:/QT/6.8.3/mingw_64/lib/cmake/Qt6Gui/Qt6QOffscreenIntegrationPluginTargets.cmake",
		"E:/QT/6.8.3/mingw_64/lib/cmake/Qt6Gui/Qt6QOffscreenIntegrationPluginTargets-relwithdebinfo.cmake",
		"E:/QT/6.8.3/mingw_64/lib/cmake/Qt6Gui/Qt6QOffscreenIntegrationPluginAdditionalTargetInfo.cmake",
		"E:/QT/6.8.3/mingw_64/lib/cmake/Qt6Gui/Qt6QSvgIconPluginConfig.cmake",
		"E:/QT/Tools/CMake_64/share/cmake-3.30/Modules/CMakeFindDependencyMacro.cmake",
		"E:/QT/6.8.3/mingw_64/lib/cmake/Qt6Gui/Qt6QSvgIconPluginTargets.cmake",
		"E:/QT/6.8.3/mingw_64/lib/cmake/Qt6Gui/Qt6QSvgIconPluginTargets-relwithdebinfo.cmake",
		"E:/QT/6.8.3/mingw_64/lib/cmake/Qt6Gui/Qt6QSvgIconPluginAdditionalTargetInfo.cmake",
		"E:/QT/6.8.3/mingw_64/lib/cmake/Qt6Gui/Qt6QSvgPluginConfig.cmake",
		"E:/QT/Tools/CMake_64/share/cmake-3.30/Modules/CMakeFindDependencyMacro.cmake",
		"E:/QT/6.8.3/mingw_64/lib/cmake/Qt6Gui/Qt6QSvgPluginTargets.cmake",
		"E:/QT/6.8.3/mingw_64/lib/cmake/Qt6Gui/Qt6QSvgPluginTargets-relwithdebinfo.cmake",
		"E:/QT/6.8.3/mingw_64/lib/cmake/Qt6Gui/Qt6QSvgPluginAdditionalTargetInfo.cmake",
		"E:/QT/6.8.3/mingw_64/lib/cmake/Qt6Gui/Qt6QTgaPluginConfig.cmake",
		"E:/QT/Tools/CMake_64/share/cmake-3.30/Modules/CMakeFindDependencyMacro.cmake",
		"E:/QT/6.8.3/mingw_64/lib/cmake/Qt6Gui/Qt6QTgaPluginTargets.cmake",
		"E:/QT/6.8.3/mingw_64/lib/cmake/Qt6Gui/Qt6QTgaPluginTargets-relwithdebinfo.cmake",
		"E:/QT/6.8.3/mingw_64/lib/cmake/Qt6Gui/Qt6QTgaPluginAdditionalTargetInfo.cmake",
		"E:/QT/6.8.3/mingw_64/lib/cmake/Qt6Gui/Qt6QTiffPluginConfig.cmake",
		"E:/QT/Tools/CMake_64/share/cmake-3.30/Modules/CMakeFindDependencyMacro.cmake",
		"E:/QT/6.8.3/mingw_64/lib/cmake/Qt6Gui/Qt6QTiffPluginTargets.cmake",
		"E:/QT/6.8.3/mingw_64/lib/cmake/Qt6Gui/Qt6QTiffPluginTargets-relwithdebinfo.cmake",
		"E:/QT/6.8.3/mingw_64/lib/cmake/Qt6Gui/Qt6QTiffPluginAdditionalTargetInfo.cmake",
		"E:/QT/6.8.3/mingw_64/lib/cmake/Qt6Gui/Qt6QTuioTouchPluginConfig.cmake",
		"E:/QT/Tools/CMake_64/share/cmake-3.30/Modules/CMakeFindDependencyMacro.cmake",
		"E:/QT/6.8.3/mingw_64/lib/cmake/Qt6Gui/Qt6QTuioTouchPluginTargets.cmake",
		"E:/QT/6.8.3/mingw_64/lib/cmake/Qt6Gui/Qt6QTuioTouchPluginTargets-relwithdebinfo.cmake",
		"E:/QT/6.8.3/mingw_64/lib/cmake/Qt6Gui/Qt6QTuioTouchPluginAdditionalTargetInfo.cmake",
		"E:/QT/6.8.3/mingw_64/lib/cmake/Qt6Gui/Qt6QVirtualKeyboardPluginConfig.cmake",
		"E:/QT/Tools/CMake_64/share/cmake-3.30/Modules/CMakeFindDependencyMacro.cmake",
		"E:/QT/6.8.3/mingw_64/lib/cmake/Qt6Gui/Qt6QVirtualKeyboardPluginTargets.cmake",
		"E:/QT/6.8.3/mingw_64/lib/cmake/Qt6Gui/Qt6QVirtualKeyboardPluginTargets-relwithdebinfo.cmake",
		"E:/QT/6.8.3/mingw_64/lib/cmake/Qt6Gui/Qt6QVirtualKeyboardPluginAdditionalTargetInfo.cmake",
		"E:/QT/6.8.3/mingw_64/lib/cmake/Qt6Gui/Qt6QWbmpPluginConfig.cmake",
		"E:/QT/Tools/CMake_64/share/cmake-3.30/Modules/CMakeFindDependencyMacro.cmake",
		"E:/QT/6.8.3/mingw_64/lib/cmake/Qt6Gui/Qt6QWbmpPluginTargets.cmake",
		"E:/QT/6.8.3/mingw_64/lib/cmake/Qt6Gui/Qt6QWbmpPluginTargets-relwithdebinfo.cmake",
		"E:/QT/6.8.3/mingw_64/lib/cmake/Qt6Gui/Qt6QWbmpPluginAdditionalTargetInfo.cmake",
		"E:/QT/6.8.3/mingw_64/lib/cmake/Qt6Gui/Qt6QWebpPluginConfig.cmake",
		"E:/QT/Tools/CMake_64/share/cmake-3.30/Modules/CMakeFindDependencyMacro.cmake",
		"E:/QT/6.8.3/mingw_64/lib/cmake/Qt6Gui/Qt6QWebpPluginTargets.cmake",
		"E:/QT/6.8.3/mingw_64/lib/cmake/Qt6Gui/Qt6QWebpPluginTargets-relwithdebinfo.cmake",
		"E:/QT/6.8.3/mingw_64/lib/cmake/Qt6Gui/Qt6QWebpPluginAdditionalTargetInfo.cmake",
		"E:/QT/6.8.3/mingw_64/lib/cmake/Qt6Gui/Qt6QWindowsDirect2DIntegrationPluginConfig.cmake",
		"E:/QT/Tools/CMake_64/share/cmake-3.30/Modules/CMakeFindDependencyMacro.cmake",
		"E:/QT/6.8.3/mingw_64/lib/cmake/Qt6Gui/Qt6QWindowsDirect2DIntegrationPluginTargets.cmake",
		"E:/QT/6.8.3/mingw_64/lib/cmake/Qt6Gui/Qt6QWindowsDirect2DIntegrationPluginTargets-relwithdebinfo.cmake",
		"E:/QT/6.8.3/mingw_64/lib/cmake/Qt6Gui/Qt6QWindowsDirect2DIntegrationPluginAdditionalTargetInfo.cmake",
		"E:/QT/6.8.3/mingw_64/lib/cmake/Qt6Gui/Qt6QWindowsIntegrationPluginConfig.cmake",
		"E:/QT/Tools/CMake_64/share/cmake-3.30/Modules/CMakeFindDependencyMacro.cmake",
		"E:/QT/6.8.3/mingw_64/lib/cmake/Qt6Gui/Qt6QWindowsIntegrationPluginTargets.cmake",
		"E:/QT/6.8.3/mingw_64/lib/cmake/Qt6Gui/Qt6QWindowsIntegrationPluginTargets-relwithdebinfo.cmake",
		"E:/QT/6.8.3/mingw_64/lib/cmake/Qt6Gui/Qt6QWindowsIntegrationPluginAdditionalTargetInfo.cmake",
		"E:/QT/6.8.3/mingw_64/lib/cmake/Qt6Gui/Qt6GuiVersionlessAliasTargets.cmake",
		"E:/QT/6.8.3/mingw_64/lib/cmake/Qt6Widgets/Qt6WidgetsTargets.cmake",
		"E:/QT/6.8.3/mingw_64/lib/cmake/Qt6Widgets/Qt6WidgetsTargets-relwithdebinfo.cmake",
		"E:/QT/6.8.3/mingw_64/lib/cmake/Qt6Widgets/Qt6WidgetsAdditionalTargetInfo.cmake",
		"E:/QT/6.8.3/mingw_64/lib/cmake/Qt6Widgets/Qt6WidgetsMacros.cmake",
		"E:/QT/6.8.3/mingw_64/lib/cmake/Qt6Widgets/Qt6WidgetsPlugins.cmake",
		"E:/QT/6.8.3/mingw_64/lib/cmake/Qt6Widgets/Qt6QModernWindowsStylePluginConfig.cmake",
		"E:/QT/Tools/CMake_64/share/cmake-3.30/Modules/CMakeFindDependencyMacro.cmake",
		"E:/QT/6.8.3/mingw_64/lib/cmake/Qt6Widgets/Qt6QModernWindowsStylePluginTargets.cmake",
		"E:/QT/6.8.3/mingw_64/lib/cmake/Qt6Widgets/Qt6QModernWindowsStylePluginTargets-relwithdebinfo.cmake",
		"E:/QT/6.8.3/mingw_64/lib/cmake/Qt6Widgets/Qt6QModernWindowsStylePluginAdditionalTargetInfo.cmake",
		"E:/QT/6.8.3/mingw_64/lib/cmake/Qt6Widgets/Qt6WidgetsVersionlessAliasTargets.cmake",
		"E:/QT/6.8.3/mingw_64/lib/cmake/Qt6Charts/Qt6ChartsConfigVersion.cmake",
		"E:/QT/6.8.3/mingw_64/lib/cmake/Qt6Charts/Qt6ChartsConfigVersionImpl.cmake",
		"E:/QT/6.8.3/mingw_64/lib/cmake/Qt6Charts/Qt6ChartsConfig.cmake",
		"E:/QT/Tools/CMake_64/share/cmake-3.30/Modules/CMakeFindDependencyMacro.cmake",
		"E:/QT/6.8.3/mingw_64/lib/cmake/Qt6Charts/Qt6ChartsDependencies.cmake",
		"E:/QT/6.8.3/mingw_64/lib/cmake/Qt6OpenGL/Qt6OpenGLConfigVersion.cmake",
		"E:/QT/6.8.3/mingw_64/lib/cmake/Qt6OpenGL/Qt6OpenGLConfigVersionImpl.cmake",
		"E:/QT/6.8.3/mingw_64/lib/cmake/Qt6OpenGL/Qt6OpenGLConfig.cmake",
		"E:/QT/Tools/CMake_64/share/cmake-3.30/Modules/CMakeFindDependencyMacro.cmake",
		"E:/QT/6.8.3/mingw_64/lib/cmake/Qt6OpenGL/Qt6OpenGLDependencies.cmake",
		"E:/QT/6.8.3/mingw_64/lib/cmake/Qt6/FindWrapVulkanHeaders.cmake",
		"E:/QT/Tools/CMake_64/share/cmake-3.30/Modules/FindVulkan.cmake",
		"E:/QT/Tools/CMake_64/share/cmake-3.30/Modules/FindPackageHandleStandardArgs.cmake",
		"E:/QT/Tools/CMake_64/share/cmake-3.30/Modules/FindPackageMessage.cmake",
		"E:/QT/Tools/CMake_64/share/cmake-3.30/Modules/FindVulkan.cmake",
		"E:/QT/Tools/CMake_64/share/cmake-3.30/Modules/FindPackageHandleStandardArgs.cmake",
		"E:/QT/Tools/CMake_64/share/cmake-3.30/Modules/FindPackageMessage.cmake",
		"E:/QT/Tools/CMake_64/share/cmake-3.30/Modules/FindPackageHandleStandardArgs.cmake",
		"E:/QT/Tools/CMake_64/share/cmake-3.30/Modules/FindPackageMessage.cmake",
		"E:/QT/6.8.3/mingw_64/lib/cmake/Qt6/FindWrapVulkanHeaders.cmake",
		"E:/QT/Tools/CMake_64/share/cmake-3.30/Modules/FindVulkan.cmake",
		"E:/QT/Tools/CMake_64/share/cmake-3.30/Modules/FindPackageHandleStandardArgs.cmake",
		"E:/QT/Tools/CMake_64/share/cmake-3.30/Modules/FindPackageMessage.cmake",
		"E:/QT/Tools/CMake_64/share/cmake-3.30/Modules/FindVulkan.cmake",
		"E:/QT/Tools/CMake_64/share/cmake-3.30/Modules/FindPackageHandleStandardArgs.cmake",
		"E:/QT/Tools/CMake_64/share/cmake-3.30/Modules/FindPackageMessage.cmake",
		"E:/QT/Tools/CMake_64/share/cmake-3.30/Modules/FindPackageHandleStandardArgs.cmake",
		"E:/QT/Tools/CMake_64/share/cmake-3.30/Modules/FindPackageMessage.cmake",
		"E:/QT/6.8.3/mingw_64/lib/cmake/Qt6OpenGL/Qt6OpenGLTargets.cmake",
		"E:/QT/6.8.3/mingw_64/lib/cmake/Qt6OpenGL/Qt6OpenGLTargets-relwithdebinfo.cmake",
		"E:/QT/6.8.3/mingw_64/lib/cmake/Qt6OpenGL/Qt6OpenGLAdditionalTargetInfo.cmake",
		"E:/QT/6.8.3/mingw_64/lib/cmake/Qt6OpenGL/Qt6OpenGLVersionlessAliasTargets.cmake",
		"E:/QT/6.8.3/mingw_64/lib/cmake/Qt6OpenGLWidgets/Qt6OpenGLWidgetsConfigVersion.cmake",
		"E:/QT/6.8.3/mingw_64/lib/cmake/Qt6OpenGLWidgets/Qt6OpenGLWidgetsConfigVersionImpl.cmake",
		"E:/QT/6.8.3/mingw_64/lib/cmake/Qt6OpenGLWidgets/Qt6OpenGLWidgetsConfig.cmake",
		"E:/QT/Tools/CMake_64/share/cmake-3.30/Modules/CMakeFindDependencyMacro.cmake",
		"E:/QT/6.8.3/mingw_64/lib/cmake/Qt6OpenGLWidgets/Qt6OpenGLWidgetsDependencies.cmake",
		"E:/QT/6.8.3/mingw_64/lib/cmake/Qt6OpenGLWidgets/Qt6OpenGLWidgetsTargets.cmake",
		"E:/QT/6.8.3/mingw_64/lib/cmake/Qt6OpenGLWidgets/Qt6OpenGLWidgetsTargets-relwithdebinfo.cmake",
		"E:/QT/6.8.3/mingw_64/lib/cmake/Qt6OpenGLWidgets/Qt6OpenGLWidgetsAdditionalTargetInfo.cmake",
		"E:/QT/6.8.3/mingw_64/lib/cmake/Qt6OpenGLWidgets/Qt6OpenGLWidgetsVersionlessAliasTargets.cmake",
		"E:/QT/6.8.3/mingw_64/lib/cmake/Qt6Charts/Qt6ChartsTargets.cmake",
		"E:/QT/6.8.3/mingw_64/lib/cmake/Qt6Charts/Qt6ChartsTargets-relwithdebinfo.cmake",
		"E:/QT/6.8.3/mingw_64/lib/cmake/Qt6Charts/Qt6ChartsAdditionalTargetInfo.cmake",
		"E:/QT/6.8.3/mingw_64/lib/cmake/Qt6Charts/Qt6ChartsVersionlessAliasTargets.cmake",
		"E:/QT/6.8.3/mingw_64/lib/cmake/Qt6Gui/Qt6GuiConfigVersion.cmake",
		"E:/QT/6.8.3/mingw_64/lib/cmake/Qt6Gui/Qt6GuiConfigVersionImpl.cmake",
		"E:/QT/6.8.3/mingw_64/lib/cmake/Qt6Gui/Qt6GuiConfig.cmake",
		"E:/QT/Tools/CMake_64/share/cmake-3.30/Modules/CMakeFindDependencyMacro.cmake",
		"E:/QT/6.8.3/mingw_64/lib/cmake/Qt6Gui/Qt6GuiDependencies.cmake",
		"E:/QT/6.8.3/mingw_64/lib/cmake/Qt6/FindWrapVulkanHeaders.cmake",
		"E:/QT/Tools/CMake_64/share/cmake-3.30/Modules/FindVulkan.cmake",
		"E:/QT/Tools/CMake_64/share/cmake-3.30/Modules/FindPackageHandleStandardArgs.cmake",
		"E:/QT/Tools/CMake_64/share/cmake-3.30/Modules/FindPackageMessage.cmake",
		"E:/QT/Tools/CMake_64/share/cmake-3.30/Modules/FindVulkan.cmake",
		"E:/QT/Tools/CMake_64/share/cmake-3.30/Modules/FindPackageHandleStandardArgs.cmake",
		"E:/QT/Tools/CMake_64/share/cmake-3.30/Modules/FindPackageMessage.cmake",
		"E:/QT/Tools/CMake_64/share/cmake-3.30/Modules/FindPackageHandleStandardArgs.cmake",
		"E:/QT/Tools/CMake_64/share/cmake-3.30/Modules/FindPackageMessage.cmake",
		"E:/QT/6.8.3/mingw_64/lib/cmake/Qt6/FindWrapVulkanHeaders.cmake",
		"E:/QT/Tools/CMake_64/share/cmake-3.30/Modules/FindVulkan.cmake",
		"E:/QT/Tools/CMake_64/share/cmake-3.30/Modules/FindPackageHandleStandardArgs.cmake",
		"E:/QT/Tools/CMake_64/share/cmake-3.30/Modules/FindPackageMessage.cmake",
		"E:/QT/Tools/CMake_64/share/cmake-3.30/Modules/FindVulkan.cmake",
		"E:/QT/Tools/CMake_64/share/cmake-3.30/Modules/FindPackageHandleStandardArgs.cmake",
		"E:/QT/Tools/CMake_64/share/cmake-3.30/Modules/FindPackageMessage.cmake",
		"E:/QT/Tools/CMake_64/share/cmake-3.30/Modules/FindPackageHandleStandardArgs.cmake",
		"E:/QT/Tools/CMake_64/share/cmake-3.30/Modules/FindPackageMessage.cmake",
		"E:/QT/6.8.3/mingw_64/lib/cmake/Qt6GuiTools/Qt6GuiToolsConfigVersion.cmake",
		"E:/QT/6.8.3/mingw_64/lib/cmake/Qt6GuiTools/Qt6GuiToolsConfigVersionImpl.cmake",
		"E:/QT/6.8.3/mingw_64/lib/cmake/Qt6GuiTools/Qt6GuiToolsConfig.cmake",
		"E:/QT/Tools/CMake_64/share/cmake-3.30/Modules/CMakeFindDependencyMacro.cmake",
		"E:/QT/6.8.3/mingw_64/lib/cmake/Qt6GuiTools/Qt6GuiToolsDependencies.cmake",
		"E:/QT/6.8.3/mingw_64/lib/cmake/Qt6CoreTools/Qt6CoreToolsConfigVersion.cmake",
		"E:/QT/6.8.3/mingw_64/lib/cmake/Qt6CoreTools/Qt6CoreToolsConfigVersionImpl.cmake",
		"E:/QT/6.8.3/mingw_64/lib/cmake/Qt6CoreTools/Qt6CoreToolsConfig.cmake",
		"E:/QT/Tools/CMake_64/share/cmake-3.30/Modules/CMakeFindDependencyMacro.cmake",
		"E:/QT/6.8.3/mingw_64/lib/cmake/Qt6CoreTools/Qt6CoreToolsDependencies.cmake",
		"E:/QT/6.8.3/mingw_64/lib/cmake/Qt6CoreTools/Qt6CoreToolsTargets.cmake",
		"E:/QT/6.8.3/mingw_64/lib/cmake/Qt6CoreTools/Qt6CoreToolsAdditionalTargetInfo.cmake",
		"E:/QT/6.8.3/mingw_64/lib/cmake/Qt6CoreTools/Qt6CoreToolsVersionlessTargets.cmake",
		"E:/QT/6.8.3/mingw_64/lib/cmake/Qt6GuiTools/Qt6GuiToolsTargets.cmake",
		"E:/QT/6.8.3/mingw_64/lib/cmake/Qt6GuiTools/Qt6GuiToolsAdditionalTargetInfo.cmake",
		"E:/QT/6.8.3/mingw_64/lib/cmake/Qt6GuiTools/Qt6GuiToolsVersionlessTargets.cmake",
		"E:/QT/6.8.3/mingw_64/lib/cmake/Qt6Gui/Qt6GuiTargets.cmake",
		"E:/QT/6.8.3/mingw_64/lib/cmake/Qt6Gui/Qt6GuiAdditionalTargetInfo.cmake",
		"E:/QT/6.8.3/mingw_64/lib/cmake/Qt6Gui/Qt6GuiPlugins.cmake",
		"E:/QT/6.8.3/mingw_64/lib/cmake/Qt6Gui/Qt6GuiVersionlessAliasTargets.cmake",
		"E:/QT/6.8.3/mingw_64/lib/cmake/Qt6SerialBus/Qt6SerialBusConfigVersion.cmake",
		"E:/QT/6.8.3/mingw_64/lib/cmake/Qt6SerialBus/Qt6SerialBusConfigVersionImpl.cmake",
		"E:/QT/6.8.3/mingw_64/lib/cmake/Qt6SerialBus/Qt6SerialBusConfig.cmake",
		"E:/QT/Tools/CMake_64/share/cmake-3.30/Modules/CMakeFindDependencyMacro.cmake",
		"E:/QT/6.8.3/mingw_64/lib/cmake/Qt6SerialBus/Qt6SerialBusDependencies.cmake",
		"E:/QT/6.8.3/mingw_64/lib/cmake/Qt6Network/Qt6NetworkConfigVersion.cmake",
		"E:/QT/6.8.3/mingw_64/lib/cmake/Qt6Network/Qt6NetworkConfigVersionImpl.cmake",
		"E:/QT/6.8.3/mingw_64/lib/cmake/Qt6Network/Qt6NetworkConfig.cmake",
		"E:/QT/Tools/CMake_64/share/cmake-3.30/Modules/CMakeFindDependencyMacro.cmake",
		"E:/QT/6.8.3/mingw_64/lib/cmake/Qt6Network/Qt6NetworkDependencies.cmake",
		"E:/QT/6.8.3/mingw_64/lib/cmake/Qt6Network/Qt6NetworkTargets.cmake",
		"E:/QT/6.8.3/mingw_64/lib/cmake/Qt6Network/Qt6NetworkTargets-relwithdebinfo.cmake",
		"E:/QT/6.8.3/mingw_64/lib/cmake/Qt6Network/Qt6NetworkAdditionalTargetInfo.cmake",
		"E:/QT/6.8.3/mingw_64/lib/cmake/Qt6Network/Qt6NetworkPlugins.cmake",
		"E:/QT/6.8.3/mingw_64/lib/cmake/Qt6Network/Qt6QNLMNIPluginConfig.cmake",
		"E:/QT/Tools/CMake_64/share/cmake-3.30/Modules/CMakeFindDependencyMacro.cmake",
		"E:/QT/6.8.3/mingw_64/lib/cmake/Qt6Network/Qt6QNLMNIPluginTargets.cmake",
		"E:/QT/6.8.3/mingw_64/lib/cmake/Qt6Network/Qt6QNLMNIPluginTargets-relwithdebinfo.cmake",
		"E:/QT/6.8.3/mingw_64/lib/cmake/Qt6Network/Qt6QNLMNIPluginAdditionalTargetInfo.cmake",
		"E:/QT/6.8.3/mingw_64/lib/cmake/Qt6Network/Qt6QSchannelBackendPluginConfig.cmake",
		"E:/QT/Tools/CMake_64/share/cmake-3.30/Modules/CMakeFindDependencyMacro.cmake",
		"E:/QT/6.8.3/mingw_64/lib/cmake/Qt6Network/Qt6QSchannelBackendPluginTargets.cmake",
		"E:/QT/6.8.3/mingw_64/lib/cmake/Qt6Network/Qt6QSchannelBackendPluginTargets-relwithdebinfo.cmake",
		"E:/QT/6.8.3/mingw_64/lib/cmake/Qt6Network/Qt6QSchannelBackendPluginAdditionalTargetInfo.cmake",
		"E:/QT/6.8.3/mingw_64/lib/cmake/Qt6Network/Qt6QTlsBackendCertOnlyPluginConfig.cmake",
		"E:/QT/Tools/CMake_64/share/cmake-3.30/Modules/CMakeFindDependencyMacro.cmake",
		"E:/QT/6.8.3/mingw_64/lib/cmake/Qt6Network/Qt6QTlsBackendCertOnlyPluginTargets.cmake",
		"E:/QT/6.8.3/mingw_64/lib/cmake/Qt6Network/Qt6QTlsBackendCertOnlyPluginTargets-relwithdebinfo.cmake",
		"E:/QT/6.8.3/mingw_64/lib/cmake/Qt6Network/Qt6QTlsBackendCertOnlyPluginAdditionalTargetInfo.cmake",
		"E:/QT/6.8.3/mingw_64/lib/cmake/Qt6Network/Qt6QTlsBackendOpenSSLPluginConfig.cmake",
		"E:/QT/Tools/CMake_64/share/cmake-3.30/Modules/CMakeFindDependencyMacro.cmake",
		"E:/QT/6.8.3/mingw_64/lib/cmake/Qt6Network/Qt6QTlsBackendOpenSSLPluginTargets.cmake",
		"E:/QT/6.8.3/mingw_64/lib/cmake/Qt6Network/Qt6QTlsBackendOpenSSLPluginTargets-relwithdebinfo.cmake",
		"E:/QT/6.8.3/mingw_64/lib/cmake/Qt6Network/Qt6QTlsBackendOpenSSLPluginAdditionalTargetInfo.cmake",
		"E:/QT/6.8.3/mingw_64/lib/cmake/Qt6Network/Qt6NetworkVersionlessAliasTargets.cmake",
		"E:/QT/6.8.3/mingw_64/lib/cmake/Qt6SerialPort/Qt6SerialPortConfigVersion.cmake",
		"E:/QT/6.8.3/mingw_64/lib/cmake/Qt6SerialPort/Qt6SerialPortConfigVersionImpl.cmake",
		"E:/QT/6.8.3/mingw_64/lib/cmake/Qt6SerialPort/Qt6SerialPortConfig.cmake",
		"E:/QT/Tools/CMake_64/share/cmake-3.30/Modules/CMakeFindDependencyMacro.cmake",
		"E:/QT/6.8.3/mingw_64/lib/cmake/Qt6SerialPort/Qt6SerialPortDependencies.cmake",
		"E:/QT/6.8.3/mingw_64/lib/cmake/Qt6SerialPort/Qt6SerialPortTargets.cmake",
		"E:/QT/6.8.3/mingw_64/lib/cmake/Qt6SerialPort/Qt6SerialPortTargets-relwithdebinfo.cmake",
		"E:/QT/6.8.3/mingw_64/lib/cmake/Qt6SerialPort/Qt6SerialPortAdditionalTargetInfo.cmake",
		"E:/QT/6.8.3/mingw_64/lib/cmake/Qt6SerialPort/Qt6SerialPortVersionlessAliasTargets.cmake",
		"E:/QT/6.8.3/mingw_64/lib/cmake/Qt6SerialBus/Qt6SerialBusTargets.cmake",
		"E:/QT/6.8.3/mingw_64/lib/cmake/Qt6SerialBus/Qt6SerialBusTargets-relwithdebinfo.cmake",
		"E:/QT/6.8.3/mingw_64/lib/cmake/Qt6SerialBus/Qt6SerialBusAdditionalTargetInfo.cmake",
		"E:/QT/6.8.3/mingw_64/lib/cmake/Qt6SerialBus/Qt6SerialBusPlugins.cmake",
		"E:/QT/6.8.3/mingw_64/lib/cmake/Qt6SerialBus/Qt6PassThruCanBusPluginConfig.cmake",
		"E:/QT/Tools/CMake_64/share/cmake-3.30/Modules/CMakeFindDependencyMacro.cmake",
		"E:/QT/6.8.3/mingw_64/lib/cmake/Qt6SerialBus/Qt6PassThruCanBusPluginTargets.cmake",
		"E:/QT/6.8.3/mingw_64/lib/cmake/Qt6SerialBus/Qt6PassThruCanBusPluginTargets-relwithdebinfo.cmake",
		"E:/QT/6.8.3/mingw_64/lib/cmake/Qt6SerialBus/Qt6PassThruCanBusPluginAdditionalTargetInfo.cmake",
		"E:/QT/6.8.3/mingw_64/lib/cmake/Qt6SerialBus/Qt6PeakCanBusPluginConfig.cmake",
		"E:/QT/Tools/CMake_64/share/cmake-3.30/Modules/CMakeFindDependencyMacro.cmake",
		"E:/QT/6.8.3/mingw_64/lib/cmake/Qt6SerialBus/Qt6PeakCanBusPluginTargets.cmake",
		"E:/QT/6.8.3/mingw_64/lib/cmake/Qt6SerialBus/Qt6PeakCanBusPluginTargets-relwithdebinfo.cmake",
		"E:/QT/6.8.3/mingw_64/lib/cmake/Qt6SerialBus/Qt6PeakCanBusPluginAdditionalTargetInfo.cmake",
		"E:/QT/6.8.3/mingw_64/lib/cmake/Qt6SerialBus/Qt6SystecCanBusPluginConfig.cmake",
		"E:/QT/Tools/CMake_64/share/cmake-3.30/Modules/CMakeFindDependencyMacro.cmake",
		"E:/QT/6.8.3/mingw_64/lib/cmake/Qt6SerialBus/Qt6SystecCanBusPluginTargets.cmake",
		"E:/QT/6.8.3/mingw_64/lib/cmake/Qt6SerialBus/Qt6SystecCanBusPluginTargets-relwithdebinfo.cmake",
		"E:/QT/6.8.3/mingw_64/lib/cmake/Qt6SerialBus/Qt6SystecCanBusPluginAdditionalTargetInfo.cmake",
		"E:/QT/6.8.3/mingw_64/lib/cmake/Qt6SerialBus/Qt6TinyCanBusPluginConfig.cmake",
		"E:/QT/Tools/CMake_64/share/cmake-3.30/Modules/CMakeFindDependencyMacro.cmake",
		"E:/QT/6.8.3/mingw_64/lib/cmake/Qt6SerialBus/Qt6TinyCanBusPluginTargets.cmake",
		"E:/QT/6.8.3/mingw_64/lib/cmake/Qt6SerialBus/Qt6TinyCanBusPluginTargets-relwithdebinfo.cmake",
		"E:/QT/6.8.3/mingw_64/lib/cmake/Qt6SerialBus/Qt6TinyCanBusPluginAdditionalTargetInfo.cmake",
		"E:/QT/6.8.3/mingw_64/lib/cmake/Qt6SerialBus/Qt6VectorCanBusPluginConfig.cmake",
		"E:/QT/Tools/CMake_64/share/cmake-3.30/Modules/CMakeFindDependencyMacro.cmake",
		"E:/QT/6.8.3/mingw_64/lib/cmake/Qt6SerialBus/Qt6VectorCanBusPluginTargets.cmake",
		"E:/QT/6.8.3/mingw_64/lib/cmake/Qt6SerialBus/Qt6VectorCanBusPluginTargets-relwithdebinfo.cmake",
		"E:/QT/6.8.3/mingw_64/lib/cmake/Qt6SerialBus/Qt6VectorCanBusPluginAdditionalTargetInfo.cmake",
		"E:/QT/6.8.3/mingw_64/lib/cmake/Qt6SerialBus/Qt6VirtualCanBusPluginConfig.cmake",
		"E:/QT/Tools/CMake_64/share/cmake-3.30/Modules/CMakeFindDependencyMacro.cmake",
		"E:/QT/6.8.3/mingw_64/lib/cmake/Qt6SerialBus/Qt6VirtualCanBusPluginTargets.cmake",
		"E:/QT/6.8.3/mingw_64/lib/cmake/Qt6SerialBus/Qt6VirtualCanBusPluginTargets-relwithdebinfo.cmake",
		"E:/QT/6.8.3/mingw_64/lib/cmake/Qt6SerialBus/Qt6VirtualCanBusPluginAdditionalTargetInfo.cmake",
		"E:/QT/6.8.3/mingw_64/lib/cmake/Qt6SerialBus/Qt6SerialBusVersionlessAliasTargets.cmake",
		"E:/QT/6.8.3/mingw_64/lib/cmake/Qt6SerialPort/Qt6SerialPortConfigVersion.cmake",
		"E:/QT/6.8.3/mingw_64/lib/cmake/Qt6SerialPort/Qt6SerialPortConfigVersionImpl.cmake",
		"E:/QT/6.8.3/mingw_64/lib/cmake/Qt6SerialPort/Qt6SerialPortConfig.cmake",
		"E:/QT/Tools/CMake_64/share/cmake-3.30/Modules/CMakeFindDependencyMacro.cmake",
		"E:/QT/6.8.3/mingw_64/lib/cmake/Qt6SerialPort/Qt6SerialPortDependencies.cmake",
		"E:/QT/6.8.3/mingw_64/lib/cmake/Qt6SerialPort/Qt6SerialPortTargets.cmake",
		"E:/QT/6.8.3/mingw_64/lib/cmake/Qt6SerialPort/Qt6SerialPortAdditionalTargetInfo.cmake",
		"E:/QT/6.8.3/mingw_64/lib/cmake/Qt6SerialPort/Qt6SerialPortVersionlessAliasTargets.cmake",
		"E:/QT/6.8.3/mingw_64/lib/cmake/Qt6Network/Qt6NetworkConfigVersion.cmake",
		"E:/QT/6.8.3/mingw_64/lib/cmake/Qt6Network/Qt6NetworkConfigVersionImpl.cmake",
		"E:/QT/6.8.3/mingw_64/lib/cmake/Qt6Network/Qt6NetworkConfig.cmake",
		"E:/QT/Tools/CMake_64/share/cmake-3.30/Modules/CMakeFindDependencyMacro.cmake",
		"E:/QT/6.8.3/mingw_64/lib/cmake/Qt6Network/Qt6NetworkDependencies.cmake",
		"E:/QT/6.8.3/mingw_64/lib/cmake/Qt6Network/Qt6NetworkTargets.cmake",
		"E:/QT/6.8.3/mingw_64/lib/cmake/Qt6Network/Qt6NetworkAdditionalTargetInfo.cmake",
		"E:/QT/6.8.3/mingw_64/lib/cmake/Qt6Network/Qt6NetworkPlugins.cmake",
		"E:/QT/6.8.3/mingw_64/lib/cmake/Qt6Network/Qt6NetworkVersionlessAliasTargets.cmake",
		"E:/QT/6.8.3/mingw_64/lib/cmake/Qt6Sql/Qt6SqlConfigVersion.cmake",
		"E:/QT/6.8.3/mingw_64/lib/cmake/Qt6Sql/Qt6SqlConfigVersionImpl.cmake",
		"E:/QT/6.8.3/mingw_64/lib/cmake/Qt6Sql/Qt6SqlConfig.cmake",
		"E:/QT/Tools/CMake_64/share/cmake-3.30/Modules/CMakeFindDependencyMacro.cmake",
		"E:/QT/6.8.3/mingw_64/lib/cmake/Qt6Sql/Qt6SqlDependencies.cmake",
		"E:/QT/6.8.3/mingw_64/lib/cmake/Qt6Sql/Qt6SqlTargets.cmake",
		"E:/QT/6.8.3/mingw_64/lib/cmake/Qt6Sql/Qt6SqlTargets-relwithdebinfo.cmake",
		"E:/QT/6.8.3/mingw_64/lib/cmake/Qt6Sql/Qt6SqlAdditionalTargetInfo.cmake",
		"E:/QT/6.8.3/mingw_64/lib/cmake/Qt6Sql/Qt6SqlPlugins.cmake",
		"E:/QT/6.8.3/mingw_64/lib/cmake/Qt6Sql/Qt6QMimerSQLDriverPluginConfig.cmake",
		"E:/QT/Tools/CMake_64/share/cmake-3.30/Modules/CMakeFindDependencyMacro.cmake",
		"E:/QT/6.8.3/mingw_64/lib/cmake/Qt6Sql/Qt6QMimerSQLDriverPluginTargets.cmake",
		"E:/QT/6.8.3/mingw_64/lib/cmake/Qt6Sql/Qt6QMimerSQLDriverPluginTargets-relwithdebinfo.cmake",
		"E:/QT/6.8.3/mingw_64/lib/cmake/Qt6Sql/Qt6QMimerSQLDriverPluginAdditionalTargetInfo.cmake",
		"E:/QT/6.8.3/mingw_64/lib/cmake/Qt6Sql/Qt6QODBCDriverPluginConfig.cmake",
		"E:/QT/Tools/CMake_64/share/cmake-3.30/Modules/CMakeFindDependencyMacro.cmake",
		"E:/QT/6.8.3/mingw_64/lib/cmake/Qt6Sql/Qt6QODBCDriverPluginTargets.cmake",
		"E:/QT/6.8.3/mingw_64/lib/cmake/Qt6Sql/Qt6QODBCDriverPluginTargets-relwithdebinfo.cmake",
		"E:/QT/6.8.3/mingw_64/lib/cmake/Qt6Sql/Qt6QODBCDriverPluginAdditionalTargetInfo.cmake",
		"E:/QT/6.8.3/mingw_64/lib/cmake/Qt6Sql/Qt6QPSQLDriverPluginConfig.cmake",
		"E:/QT/Tools/CMake_64/share/cmake-3.30/Modules/CMakeFindDependencyMacro.cmake",
		"E:/QT/6.8.3/mingw_64/lib/cmake/Qt6Sql/Qt6QPSQLDriverPluginTargets.cmake",
		"E:/QT/6.8.3/mingw_64/lib/cmake/Qt6Sql/Qt6QPSQLDriverPluginTargets-relwithdebinfo.cmake",
		"E:/QT/6.8.3/mingw_64/lib/cmake/Qt6Sql/Qt6QPSQLDriverPluginAdditionalTargetInfo.cmake",
		"E:/QT/6.8.3/mingw_64/lib/cmake/Qt6Sql/Qt6QSQLiteDriverPluginConfig.cmake",
		"E:/QT/Tools/CMake_64/share/cmake-3.30/Modules/CMakeFindDependencyMacro.cmake",
		"E:/QT/6.8.3/mingw_64/lib/cmake/Qt6Sql/Qt6QSQLiteDriverPluginTargets.cmake",
		"E:/QT/6.8.3/mingw_64/lib/cmake/Qt6Sql/Qt6QSQLiteDriverPluginTargets-relwithdebinfo.cmake",
		"E:/QT/6.8.3/mingw_64/lib/cmake/Qt6Sql/Qt6QSQLiteDriverPluginAdditionalTargetInfo.cmake",
		"E:/QT/6.8.3/mingw_64/lib/cmake/Qt6Sql/Qt6SqlVersionlessAliasTargets.cmake",
		"E:/QT/6.8.3/mingw_64/lib/cmake/Qt6/Qt6ConfigVersion.cmake",
		"E:/QT/6.8.3/mingw_64/lib/cmake/Qt6/Qt6ConfigVersionImpl.cmake",
		"E:/QT/6.8.3/mingw_64/lib/cmake/Qt6/Qt6Config.cmake",
		"E:/QT/6.8.3/mingw_64/lib/cmake/Qt6/Qt6ConfigExtras.cmake",
		"E:/QT/6.8.3/mingw_64/lib/cmake/Qt6/QtPublicCMakeVersionHelpers.cmake",
		"E:/QT/6.8.3/mingw_64/lib/cmake/Qt6/QtPublicCMakeHelpers.cmake",
		"E:/QT/6.8.3/mingw_64/lib/cmake/Qt6/QtInstallPaths.cmake",
		"E:/QT/6.8.3/mingw_64/lib/cmake/Qt6/Qt6Targets.cmake",
		"E:/QT/6.8.3/mingw_64/lib/cmake/Qt6/Qt6VersionlessAliasTargets.cmake",
		"E:/QT/6.8.3/mingw_64/lib/cmake/Qt6/QtFeature.cmake",
		"E:/QT/Tools/CMake_64/share/cmake-3.30/Modules/CheckCXXCompilerFlag.cmake",
		"E:/QT/6.8.3/mingw_64/lib/cmake/Qt6/QtFeatureCommon.cmake",
		"E:/QT/6.8.3/mingw_64/lib/cmake/Qt6/QtPublicAppleHelpers.cmake",
		"E:/QT/6.8.3/mingw_64/lib/cmake/Qt6/QtPublicCMakeHelpers.cmake",
		"E:/QT/6.8.3/mingw_64/lib/cmake/Qt6/QtPublicCMakeVersionHelpers.cmake",
		"E:/QT/6.8.3/mingw_64/lib/cmake/Qt6/QtPublicDependencyHelpers.cmake",
		"E:/QT/6.8.3/mingw_64/lib/cmake/Qt6/QtPublicExternalProjectHelpers.cmake",
		"E:/QT/6.8.3/mingw_64/lib/cmake/Qt6/QtPublicFinalizerHelpers.cmake",
		"E:/QT/6.8.3/mingw_64/lib/cmake/Qt6/QtPublicFindPackageHelpers.cmake",
		"E:/QT/6.8.3/mingw_64/lib/cmake/Qt6/QtPublicGitHelpers.cmake",
		"E:/QT/6.8.3/mingw_64/lib/cmake/Qt6/QtPublicPluginHelpers.cmake",
		"E:/QT/6.8.3/mingw_64/lib/cmake/Qt6/QtPublicSbomAttributionHelpers.cmake",
		"E:/QT/6.8.3/mingw_64/lib/cmake/Qt6/QtPublicSbomCpeHelpers.cmake",
		"E:/QT/6.8.3/mingw_64/lib/cmake/Qt6/QtPublicSbomDepHelpers.cmake",
		"E:/QT/6.8.3/mingw_64/lib/cmake/Qt6/QtPublicSbomFileHelpers.cmake",
		"E:/QT/6.8.3/mingw_64/lib/cmake/Qt6/QtPublicSbomGenerationHelpers.cmake",
		"E:/QT/6.8.3/mingw_64/lib/cmake/Qt6/QtPublicSbomHelpers.cmake",
		"E:/QT/6.8.3/mingw_64/lib/cmake/Qt6/QtPublicSbomLicenseHelpers.cmake",
		"E:/QT/6.8.3/mingw_64/lib/cmake/Qt6/QtPublicSbomOpsHelpers.cmake",
		"E:/QT/6.8.3/mingw_64/lib/cmake/Qt6/QtPublicSbomPurlHelpers.cmake",
		"E:/QT/6.8.3/mingw_64/lib/cmake/Qt6/QtPublicSbomPythonHelpers.cmake",
		"E:/QT/6.8.3/mingw_64/lib/cmake/Qt6/QtPublicSbomQtEntityHelpers.cmake",
		"E:/QT/6.8.3/mingw_64/lib/cmake/Qt6/QtPublicSbomSystemDepHelpers.cmake",
		"E:/QT/6.8.3/mingw_64/lib/cmake/Qt6/QtPublicTargetHelpers.cmake",
		"E:/QT/6.8.3/mingw_64/lib/cmake/Qt6/QtPublicTestHelpers.cmake",
		"E:/QT/6.8.3/mingw_64/lib/cmake/Qt6/QtPublicToolHelpers.cmake",
		"E:/QT/6.8.3/mingw_64/lib/cmake/Qt6/QtPublicWalkLibsHelpers.cmake",
		"E:/QT/Tools/CMake_64/share/cmake-3.30/Modules/CMakeFindDependencyMacro.cmake",
		"E:/QT/6.8.3/mingw_64/lib/cmake/Qt6/Qt6Dependencies.cmake",
		"E:/QT/6.8.3/mingw_64/lib/cmake/Qt6Core/Qt6CoreConfigVersion.cmake",
		"E:/QT/6.8.3/mingw_64/lib/cmake/Qt6Core/Qt6CoreConfigVersionImpl.cmake",
		"E:/QT/6.8.3/mingw_64/lib/cmake/Qt6Core/Qt6CoreConfig.cmake",
		"E:/QT/Tools/CMake_64/share/cmake-3.30/Modules/CMakeFindDependencyMacro.cmake",
		"E:/QT/6.8.3/mingw_64/lib/cmake/Qt6Core/Qt6CoreDependencies.cmake",
		"E:/QT/6.8.3/mingw_64/lib/cmake/Qt6CoreTools/Qt6CoreToolsConfigVersion.cmake",
		"E:/QT/6.8.3/mingw_64/lib/cmake/Qt6CoreTools/Qt6CoreToolsConfigVersionImpl.cmake",
		"E:/QT/6.8.3/mingw_64/lib/cmake/Qt6CoreTools/Qt6CoreToolsConfig.cmake",
		"E:/QT/Tools/CMake_64/share/cmake-3.30/Modules/CMakeFindDependencyMacro.cmake",
		"E:/QT/6.8.3/mingw_64/lib/cmake/Qt6CoreTools/Qt6CoreToolsDependencies.cmake",
		"E:/QT/6.8.3/mingw_64/lib/cmake/Qt6CoreTools/Qt6CoreToolsTargets.cmake",
		"E:/QT/6.8.3/mingw_64/lib/cmake/Qt6CoreTools/Qt6CoreToolsAdditionalTargetInfo.cmake",
		"E:/QT/6.8.3/mingw_64/lib/cmake/Qt6CoreTools/Qt6CoreToolsVersionlessTargets.cmake",
		"E:/QT/6.8.3/mingw_64/lib/cmake/Qt6Core/Qt6CoreTargets.cmake",
		"E:/QT/6.8.3/mingw_64/lib/cmake/Qt6Core/Qt6CoreAdditionalTargetInfo.cmake",
		"E:/QT/6.8.3/mingw_64/lib/cmake/Qt6Core/Qt6CoreMacros.cmake",
		"E:/QT/6.8.3/mingw_64/lib/cmake/Qt6Core/Qt6CoreConfigExtras.cmake",
		"E:/QT/6.8.3/mingw_64/lib/cmake/Qt6Core/Qt6CoreVersionlessAliasTargets.cmake",
		"E:/QT/6.8.3/mingw_64/lib/cmake/Qt6/Qt6ConfigVersion.cmake",
		"E:/QT/6.8.3/mingw_64/lib/cmake/Qt6/Qt6ConfigVersionImpl.cmake",
		"E:/QT/6.8.3/mingw_64/lib/cmake/Qt6/Qt6Config.cmake",
		"E:/QT/6.8.3/mingw_64/lib/cmake/Qt6/Qt6ConfigExtras.cmake",
		"E:/QT/6.8.3/mingw_64/lib/cmake/Qt6/QtPublicCMakeVersionHelpers.cmake",
		"E:/QT/6.8.3/mingw_64/lib/cmake/Qt6/QtPublicCMakeHelpers.cmake",
		"E:/QT/6.8.3/mingw_64/lib/cmake/Qt6/QtInstallPaths.cmake",
		"E:/QT/6.8.3/mingw_64/lib/cmake/Qt6/Qt6Targets.cmake",
		"E:/QT/6.8.3/mingw_64/lib/cmake/Qt6/Qt6VersionlessAliasTargets.cmake",
		"E:/QT/6.8.3/mingw_64/lib/cmake/Qt6/QtFeature.cmake",
		"E:/QT/Tools/CMake_64/share/cmake-3.30/Modules/CheckCXXCompilerFlag.cmake",
		"E:/QT/6.8.3/mingw_64/lib/cmake/Qt6/QtFeatureCommon.cmake",
		"E:/QT/6.8.3/mingw_64/lib/cmake/Qt6/QtPublicAppleHelpers.cmake",
		"E:/QT/6.8.3/mingw_64/lib/cmake/Qt6/QtPublicCMakeHelpers.cmake",
		"E:/QT/6.8.3/mingw_64/lib/cmake/Qt6/QtPublicCMakeVersionHelpers.cmake",
		"E:/QT/6.8.3/mingw_64/lib/cmake/Qt6/QtPublicDependencyHelpers.cmake",
		"E:/QT/6.8.3/mingw_64/lib/cmake/Qt6/QtPublicExternalProjectHelpers.cmake",
		"E:/QT/6.8.3/mingw_64/lib/cmake/Qt6/QtPublicFinalizerHelpers.cmake",
		"E:/QT/6.8.3/mingw_64/lib/cmake/Qt6/QtPublicFindPackageHelpers.cmake",
		"E:/QT/6.8.3/mingw_64/lib/cmake/Qt6/QtPublicGitHelpers.cmake",
		"E:/QT/6.8.3/mingw_64/lib/cmake/Qt6/QtPublicPluginHelpers.cmake",
		"E:/QT/6.8.3/mingw_64/lib/cmake/Qt6/QtPublicSbomAttributionHelpers.cmake",
		"E:/QT/6.8.3/mingw_64/lib/cmake/Qt6/QtPublicSbomCpeHelpers.cmake",
		"E:/QT/6.8.3/mingw_64/lib/cmake/Qt6/QtPublicSbomDepHelpers.cmake",
		"E:/QT/6.8.3/mingw_64/lib/cmake/Qt6/QtPublicSbomFileHelpers.cmake",
		"E:/QT/6.8.3/mingw_64/lib/cmake/Qt6/QtPublicSbomGenerationHelpers.cmake",
		"E:/QT/6.8.3/mingw_64/lib/cmake/Qt6/QtPublicSbomHelpers.cmake",
		"E:/QT/6.8.3/mingw_64/lib/cmake/Qt6/QtPublicSbomLicenseHelpers.cmake",
		"E:/QT/6.8.3/mingw_64/lib/cmake/Qt6/QtPublicSbomOpsHelpers.cmake",
		"E:/QT/6.8.3/mingw_64/lib/cmake/Qt6/QtPublicSbomPurlHelpers.cmake",
		"E:/QT/6.8.3/mingw_64/lib/cmake/Qt6/QtPublicSbomPythonHelpers.cmake",
		"E:/QT/6.8.3/mingw_64/lib/cmake/Qt6/QtPublicSbomQtEntityHelpers.cmake",
		"E:/QT/6.8.3/mingw_64/lib/cmake/Qt6/QtPublicSbomSystemDepHelpers.cmake",
		"E:/QT/6.8.3/mingw_64/lib/cmake/Qt6/QtPublicTargetHelpers.cmake",
		"E:/QT/6.8.3/mingw_64/lib/cmake/Qt6/QtPublicTestHelpers.cmake",
		"E:/QT/6.8.3/mingw_64/lib/cmake/Qt6/QtPublicToolHelpers.cmake",
		"E:/QT/6.8.3/mingw_64/lib/cmake/Qt6/QtPublicWalkLibsHelpers.cmake",
		"E:/QT/Tools/CMake_64/share/cmake-3.30/Modules/CMakeFindDependencyMacro.cmake",
		"E:/QT/6.8.3/mingw_64/lib/cmake/Qt6/Qt6Dependencies.cmake",
		"E:/QT/6.8.3/mingw_64/lib/cmake/Qt6Core/Qt6CoreConfigVersion.cmake",
		"E:/QT/6.8.3/mingw_64/lib/cmake/Qt6Core/Qt6CoreConfigVersionImpl.cmake",
		"E:/QT/6.8.3/mingw_64/lib/cmake/Qt6Core/Qt6CoreConfig.cmake",
		"E:/QT/Tools/CMake_64/share/cmake-3.30/Modules/CMakeFindDependencyMacro.cmake",
		"E:/QT/6.8.3/mingw_64/lib/cmake/Qt6Core/Qt6CoreDependencies.cmake",
		"E:/QT/6.8.3/mingw_64/lib/cmake/Qt6CoreTools/Qt6CoreToolsConfigVersion.cmake",
		"E:/QT/6.8.3/mingw_64/lib/cmake/Qt6CoreTools/Qt6CoreToolsConfigVersionImpl.cmake",
		"E:/QT/6.8.3/mingw_64/lib/cmake/Qt6CoreTools/Qt6CoreToolsConfig.cmake",
		"E:/QT/Tools/CMake_64/share/cmake-3.30/Modules/CMakeFindDependencyMacro.cmake",
		"E:/QT/6.8.3/mingw_64/lib/cmake/Qt6CoreTools/Qt6CoreToolsDependencies.cmake",
		"E:/QT/6.8.3/mingw_64/lib/cmake/Qt6CoreTools/Qt6CoreToolsTargets.cmake",
		"E:/QT/6.8.3/mingw_64/lib/cmake/Qt6CoreTools/Qt6CoreToolsAdditionalTargetInfo.cmake",
		"E:/QT/6.8.3/mingw_64/lib/cmake/Qt6CoreTools/Qt6CoreToolsVersionlessTargets.cmake",
		"E:/QT/6.8.3/mingw_64/lib/cmake/Qt6Core/Qt6CoreTargets.cmake",
		"E:/QT/6.8.3/mingw_64/lib/cmake/Qt6Core/Qt6CoreAdditionalTargetInfo.cmake",
		"E:/QT/6.8.3/mingw_64/lib/cmake/Qt6Core/Qt6CoreMacros.cmake",
		"E:/QT/6.8.3/mingw_64/lib/cmake/Qt6Core/Qt6CoreConfigExtras.cmake",
		"E:/QT/6.8.3/mingw_64/lib/cmake/Qt6Core/Qt6CoreVersionlessAliasTargets.cmake",
		"E:/QT/6.8.3/mingw_64/lib/cmake/Qt6/Qt6ConfigVersion.cmake",
		"E:/QT/6.8.3/mingw_64/lib/cmake/Qt6/Qt6ConfigVersionImpl.cmake",
		"E:/QT/6.8.3/mingw_64/lib/cmake/Qt6/Qt6Config.cmake",
		"E:/QT/6.8.3/mingw_64/lib/cmake/Qt6/Qt6ConfigExtras.cmake",
		"E:/QT/6.8.3/mingw_64/lib/cmake/Qt6/QtPublicCMakeVersionHelpers.cmake",
		"E:/QT/6.8.3/mingw_64/lib/cmake/Qt6/QtPublicCMakeHelpers.cmake",
		"E:/QT/6.8.3/mingw_64/lib/cmake/Qt6/QtInstallPaths.cmake",
		"E:/QT/6.8.3/mingw_64/lib/cmake/Qt6/Qt6Targets.cmake",
		"E:/QT/6.8.3/mingw_64/lib/cmake/Qt6/Qt6VersionlessAliasTargets.cmake",
		"E:/QT/6.8.3/mingw_64/lib/cmake/Qt6/QtFeature.cmake",
		"E:/QT/Tools/CMake_64/share/cmake-3.30/Modules/CheckCXXCompilerFlag.cmake",
		"E:/QT/6.8.3/mingw_64/lib/cmake/Qt6/QtFeatureCommon.cmake",
		"E:/QT/6.8.3/mingw_64/lib/cmake/Qt6/QtPublicAppleHelpers.cmake",
		"E:/QT/6.8.3/mingw_64/lib/cmake/Qt6/QtPublicCMakeHelpers.cmake",
		"E:/QT/6.8.3/mingw_64/lib/cmake/Qt6/QtPublicCMakeVersionHelpers.cmake",
		"E:/QT/6.8.3/mingw_64/lib/cmake/Qt6/QtPublicDependencyHelpers.cmake",
		"E:/QT/6.8.3/mingw_64/lib/cmake/Qt6/QtPublicExternalProjectHelpers.cmake",
		"E:/QT/6.8.3/mingw_64/lib/cmake/Qt6/QtPublicFinalizerHelpers.cmake",
		"E:/QT/6.8.3/mingw_64/lib/cmake/Qt6/QtPublicFindPackageHelpers.cmake",
		"E:/QT/6.8.3/mingw_64/lib/cmake/Qt6/QtPublicGitHelpers.cmake",
		"E:/QT/6.8.3/mingw_64/lib/cmake/Qt6/QtPublicPluginHelpers.cmake",
		"E:/QT/6.8.3/mingw_64/lib/cmake/Qt6/QtPublicSbomAttributionHelpers.cmake",
		"E:/QT/6.8.3/mingw_64/lib/cmake/Qt6/QtPublicSbomCpeHelpers.cmake",
		"E:/QT/6.8.3/mingw_64/lib/cmake/Qt6/QtPublicSbomDepHelpers.cmake",
		"E:/QT/6.8.3/mingw_64/lib/cmake/Qt6/QtPublicSbomFileHelpers.cmake",
		"E:/QT/6.8.3/mingw_64/lib/cmake/Qt6/QtPublicSbomGenerationHelpers.cmake",
		"E:/QT/6.8.3/mingw_64/lib/cmake/Qt6/QtPublicSbomHelpers.cmake",
		"E:/QT/6.8.3/mingw_64/lib/cmake/Qt6/QtPublicSbomLicenseHelpers.cmake",
		"E:/QT/6.8.3/mingw_64/lib/cmake/Qt6/QtPublicSbomOpsHelpers.cmake",
		"E:/QT/6.8.3/mingw_64/lib/cmake/Qt6/QtPublicSbomPurlHelpers.cmake",
		"E:/QT/6.8.3/mingw_64/lib/cmake/Qt6/QtPublicSbomPythonHelpers.cmake",
		"E:/QT/6.8.3/mingw_64/lib/cmake/Qt6/QtPublicSbomQtEntityHelpers.cmake",
		"E:/QT/6.8.3/mingw_64/lib/cmake/Qt6/QtPublicSbomSystemDepHelpers.cmake",
		"E:/QT/6.8.3/mingw_64/lib/cmake/Qt6/QtPublicTargetHelpers.cmake",
		"E:/QT/6.8.3/mingw_64/lib/cmake/Qt6/QtPublicTestHelpers.cmake",
		"E:/QT/6.8.3/mingw_64/lib/cmake/Qt6/QtPublicToolHelpers.cmake",
		"E:/QT/6.8.3/mingw_64/lib/cmake/Qt6/QtPublicWalkLibsHelpers.cmake",
		"E:/QT/Tools/CMake_64/share/cmake-3.30/Modules/CMakeFindDependencyMacro.cmake",
		"E:/QT/6.8.3/mingw_64/lib/cmake/Qt6/Qt6Dependencies.cmake",
		"E:/QT/6.8.3/mingw_64/lib/cmake/Qt6Core/Qt6CoreConfigVersion.cmake",
		"E:/QT/6.8.3/mingw_64/lib/cmake/Qt6Core/Qt6CoreConfigVersionImpl.cmake",
		"E:/QT/6.8.3/mingw_64/lib/cmake/Qt6Core/Qt6CoreConfig.cmake",
		"E:/QT/Tools/CMake_64/share/cmake-3.30/Modules/CMakeFindDependencyMacro.cmake",
		"E:/QT/6.8.3/mingw_64/lib/cmake/Qt6Core/Qt6CoreDependencies.cmake",
		"E:/QT/6.8.3/mingw_64/lib/cmake/Qt6CoreTools/Qt6CoreToolsConfigVersion.cmake",
		"E:/QT/6.8.3/mingw_64/lib/cmake/Qt6CoreTools/Qt6CoreToolsConfigVersionImpl.cmake",
		"E:/QT/6.8.3/mingw_64/lib/cmake/Qt6CoreTools/Qt6CoreToolsConfig.cmake",
		"E:/QT/Tools/CMake_64/share/cmake-3.30/Modules/CMakeFindDependencyMacro.cmake",
		"E:/QT/6.8.3/mingw_64/lib/cmake/Qt6CoreTools/Qt6CoreToolsDependencies.cmake",
		"E:/QT/6.8.3/mingw_64/lib/cmake/Qt6CoreTools/Qt6CoreToolsTargets.cmake",
		"E:/QT/6.8.3/mingw_64/lib/cmake/Qt6CoreTools/Qt6CoreToolsAdditionalTargetInfo.cmake",
		"E:/QT/6.8.3/mingw_64/lib/cmake/Qt6CoreTools/Qt6CoreToolsVersionlessTargets.cmake",
		"E:/QT/6.8.3/mingw_64/lib/cmake/Qt6Core/Qt6CoreTargets.cmake",
		"E:/QT/6.8.3/mingw_64/lib/cmake/Qt6Core/Qt6CoreAdditionalTargetInfo.cmake",
		"E:/QT/6.8.3/mingw_64/lib/cmake/Qt6Core/Qt6CoreMacros.cmake",
		"E:/QT/6.8.3/mingw_64/lib/cmake/Qt6Core/Qt6CoreConfigExtras.cmake",
		"E:/QT/6.8.3/mingw_64/lib/cmake/Qt6Core/Qt6CoreVersionlessAliasTargets.cmake",
		"E:/QT/6.8.3/mingw_64/lib/cmake/Qt6/Qt6ConfigVersion.cmake",
		"E:/QT/6.8.3/mingw_64/lib/cmake/Qt6/Qt6ConfigVersionImpl.cmake",
		"E:/QT/6.8.3/mingw_64/lib/cmake/Qt6/Qt6Config.cmake",
		"E:/QT/6.8.3/mingw_64/lib/cmake/Qt6/Qt6ConfigExtras.cmake",
		"E:/QT/6.8.3/mingw_64/lib/cmake/Qt6/QtPublicCMakeVersionHelpers.cmake",
		"E:/QT/6.8.3/mingw_64/lib/cmake/Qt6/QtPublicCMakeHelpers.cmake",
		"E:/QT/6.8.3/mingw_64/lib/cmake/Qt6/QtInstallPaths.cmake",
		"E:/QT/6.8.3/mingw_64/lib/cmake/Qt6/Qt6Targets.cmake",
		"E:/QT/6.8.3/mingw_64/lib/cmake/Qt6/Qt6VersionlessAliasTargets.cmake",
		"E:/QT/6.8.3/mingw_64/lib/cmake/Qt6/QtFeature.cmake",
		"E:/QT/Tools/CMake_64/share/cmake-3.30/Modules/CheckCXXCompilerFlag.cmake",
		"E:/QT/6.8.3/mingw_64/lib/cmake/Qt6/QtFeatureCommon.cmake",
		"E:/QT/6.8.3/mingw_64/lib/cmake/Qt6/QtPublicAppleHelpers.cmake",
		"E:/QT/6.8.3/mingw_64/lib/cmake/Qt6/QtPublicCMakeHelpers.cmake",
		"E:/QT/6.8.3/mingw_64/lib/cmake/Qt6/QtPublicCMakeVersionHelpers.cmake",
		"E:/QT/6.8.3/mingw_64/lib/cmake/Qt6/QtPublicDependencyHelpers.cmake",
		"E:/QT/6.8.3/mingw_64/lib/cmake/Qt6/QtPublicExternalProjectHelpers.cmake",
		"E:/QT/6.8.3/mingw_64/lib/cmake/Qt6/QtPublicFinalizerHelpers.cmake",
		"E:/QT/6.8.3/mingw_64/lib/cmake/Qt6/QtPublicFindPackageHelpers.cmake",
		"E:/QT/6.8.3/mingw_64/lib/cmake/Qt6/QtPublicGitHelpers.cmake",
		"E:/QT/6.8.3/mingw_64/lib/cmake/Qt6/QtPublicPluginHelpers.cmake",
		"E:/QT/6.8.3/mingw_64/lib/cmake/Qt6/QtPublicSbomAttributionHelpers.cmake",
		"E:/QT/6.8.3/mingw_64/lib/cmake/Qt6/QtPublicSbomCpeHelpers.cmake",
		"E:/QT/6.8.3/mingw_64/lib/cmake/Qt6/QtPublicSbomDepHelpers.cmake",
		"E:/QT/6.8.3/mingw_64/lib/cmake/Qt6/QtPublicSbomFileHelpers.cmake",
		"E:/QT/6.8.3/mingw_64/lib/cmake/Qt6/QtPublicSbomGenerationHelpers.cmake",
		"E:/QT/6.8.3/mingw_64/lib/cmake/Qt6/QtPublicSbomHelpers.cmake",
		"E:/QT/6.8.3/mingw_64/lib/cmake/Qt6/QtPublicSbomLicenseHelpers.cmake",
		"E:/QT/6.8.3/mingw_64/lib/cmake/Qt6/QtPublicSbomOpsHelpers.cmake",
		"E:/QT/6.8.3/mingw_64/lib/cmake/Qt6/QtPublicSbomPurlHelpers.cmake",
		"E:/QT/6.8.3/mingw_64/lib/cmake/Qt6/QtPublicSbomPythonHelpers.cmake",
		"E:/QT/6.8.3/mingw_64/lib/cmake/Qt6/QtPublicSbomQtEntityHelpers.cmake",
		"E:/QT/6.8.3/mingw_64/lib/cmake/Qt6/QtPublicSbomSystemDepHelpers.cmake",
		"E:/QT/6.8.3/mingw_64/lib/cmake/Qt6/QtPublicTargetHelpers.cmake",
		"E:/QT/6.8.3/mingw_64/lib/cmake/Qt6/QtPublicTestHelpers.cmake",
		"E:/QT/6.8.3/mingw_64/lib/cmake/Qt6/QtPublicToolHelpers.cmake",
		"E:/QT/6.8.3/mingw_64/lib/cmake/Qt6/QtPublicWalkLibsHelpers.cmake",
		"E:/QT/Tools/CMake_64/share/cmake-3.30/Modules/CMakeFindDependencyMacro.cmake",
		"E:/QT/6.8.3/mingw_64/lib/cmake/Qt6/Qt6Dependencies.cmake",
		"E:/QT/6.8.3/mingw_64/lib/cmake/Qt6Core/Qt6CoreConfigVersion.cmake",
		"E:/QT/6.8.3/mingw_64/lib/cmake/Qt6Core/Qt6CoreConfigVersionImpl.cmake",
		"E:/QT/6.8.3/mingw_64/lib/cmake/Qt6Core/Qt6CoreConfig.cmake",
		"E:/QT/Tools/CMake_64/share/cmake-3.30/Modules/CMakeFindDependencyMacro.cmake",
		"E:/QT/6.8.3/mingw_64/lib/cmake/Qt6Core/Qt6CoreDependencies.cmake",
		"E:/QT/6.8.3/mingw_64/lib/cmake/Qt6CoreTools/Qt6CoreToolsConfigVersion.cmake",
		"E:/QT/6.8.3/mingw_64/lib/cmake/Qt6CoreTools/Qt6CoreToolsConfigVersionImpl.cmake",
		"E:/QT/6.8.3/mingw_64/lib/cmake/Qt6CoreTools/Qt6CoreToolsConfig.cmake",
		"E:/QT/Tools/CMake_64/share/cmake-3.30/Modules/CMakeFindDependencyMacro.cmake",
		"E:/QT/6.8.3/mingw_64/lib/cmake/Qt6CoreTools/Qt6CoreToolsDependencies.cmake",
		"E:/QT/6.8.3/mingw_64/lib/cmake/Qt6CoreTools/Qt6CoreToolsTargets.cmake",
		"E:/QT/6.8.3/mingw_64/lib/cmake/Qt6CoreTools/Qt6CoreToolsAdditionalTargetInfo.cmake",
		"E:/QT/6.8.3/mingw_64/lib/cmake/Qt6CoreTools/Qt6CoreToolsVersionlessTargets.cmake",
		"E:/QT/6.8.3/mingw_64/lib/cmake/Qt6Core/Qt6CoreTargets.cmake",
		"E:/QT/6.8.3/mingw_64/lib/cmake/Qt6Core/Qt6CoreAdditionalTargetInfo.cmake",
		"E:/QT/6.8.3/mingw_64/lib/cmake/Qt6Core/Qt6CoreMacros.cmake",
		"E:/QT/6.8.3/mingw_64/lib/cmake/Qt6Core/Qt6CoreConfigExtras.cmake",
		"E:/QT/6.8.3/mingw_64/lib/cmake/Qt6Core/Qt6CoreVersionlessAliasTargets.cmake",
		"E:/QT/6.8.3/mingw_64/lib/cmake/Qt6/Qt6ConfigVersion.cmake",
		"E:/QT/6.8.3/mingw_64/lib/cmake/Qt6/Qt6ConfigVersionImpl.cmake",
		"E:/QT/6.8.3/mingw_64/lib/cmake/Qt6/Qt6Config.cmake",
		"E:/QT/6.8.3/mingw_64/lib/cmake/Qt6/Qt6ConfigExtras.cmake",
		"E:/QT/6.8.3/mingw_64/lib/cmake/Qt6/QtPublicCMakeVersionHelpers.cmake",
		"E:/QT/6.8.3/mingw_64/lib/cmake/Qt6/QtPublicCMakeHelpers.cmake",
		"E:/QT/6.8.3/mingw_64/lib/cmake/Qt6/QtInstallPaths.cmake",
		"E:/QT/6.8.3/mingw_64/lib/cmake/Qt6/Qt6Targets.cmake",
		"E:/QT/6.8.3/mingw_64/lib/cmake/Qt6/Qt6VersionlessAliasTargets.cmake",
		"E:/QT/6.8.3/mingw_64/lib/cmake/Qt6/QtFeature.cmake",
		"E:/QT/Tools/CMake_64/share/cmake-3.30/Modules/CheckCXXCompilerFlag.cmake",
		"E:/QT/6.8.3/mingw_64/lib/cmake/Qt6/QtFeatureCommon.cmake",
		"E:/QT/6.8.3/mingw_64/lib/cmake/Qt6/QtPublicAppleHelpers.cmake",
		"E:/QT/6.8.3/mingw_64/lib/cmake/Qt6/QtPublicCMakeHelpers.cmake",
		"E:/QT/6.8.3/mingw_64/lib/cmake/Qt6/QtPublicCMakeVersionHelpers.cmake",
		"E:/QT/6.8.3/mingw_64/lib/cmake/Qt6/QtPublicDependencyHelpers.cmake",
		"E:/QT/6.8.3/mingw_64/lib/cmake/Qt6/QtPublicExternalProjectHelpers.cmake",
		"E:/QT/6.8.3/mingw_64/lib/cmake/Qt6/QtPublicFinalizerHelpers.cmake",
		"E:/QT/6.8.3/mingw_64/lib/cmake/Qt6/QtPublicFindPackageHelpers.cmake",
		"E:/QT/6.8.3/mingw_64/lib/cmake/Qt6/QtPublicGitHelpers.cmake",
		"E:/QT/6.8.3/mingw_64/lib/cmake/Qt6/QtPublicPluginHelpers.cmake",
		"E:/QT/6.8.3/mingw_64/lib/cmake/Qt6/QtPublicSbomAttributionHelpers.cmake",
		"E:/QT/6.8.3/mingw_64/lib/cmake/Qt6/QtPublicSbomCpeHelpers.cmake",
		"E:/QT/6.8.3/mingw_64/lib/cmake/Qt6/QtPublicSbomDepHelpers.cmake",
		"E:/QT/6.8.3/mingw_64/lib/cmake/Qt6/QtPublicSbomFileHelpers.cmake",
		"E:/QT/6.8.3/mingw_64/lib/cmake/Qt6/QtPublicSbomGenerationHelpers.cmake",
		"E:/QT/6.8.3/mingw_64/lib/cmake/Qt6/QtPublicSbomHelpers.cmake",
		"E:/QT/6.8.3/mingw_64/lib/cmake/Qt6/QtPublicSbomLicenseHelpers.cmake",
		"E:/QT/6.8.3/mingw_64/lib/cmake/Qt6/QtPublicSbomOpsHelpers.cmake",
		"E:/QT/6.8.3/mingw_64/lib/cmake/Qt6/QtPublicSbomPurlHelpers.cmake",
		"E:/QT/6.8.3/mingw_64/lib/cmake/Qt6/QtPublicSbomPythonHelpers.cmake",
		"E:/QT/6.8.3/mingw_64/lib/cmake/Qt6/QtPublicSbomQtEntityHelpers.cmake",
		"E:/QT/6.8.3/mingw_64/lib/cmake/Qt6/QtPublicSbomSystemDepHelpers.cmake",
		"E:/QT/6.8.3/mingw_64/lib/cmake/Qt6/QtPublicTargetHelpers.cmake",
		"E:/QT/6.8.3/mingw_64/lib/cmake/Qt6/QtPublicTestHelpers.cmake",
		"E:/QT/6.8.3/mingw_64/lib/cmake/Qt6/QtPublicToolHelpers.cmake",
		"E:/QT/6.8.3/mingw_64/lib/cmake/Qt6/QtPublicWalkLibsHelpers.cmake",
		"E:/QT/Tools/CMake_64/share/cmake-3.30/Modules/CMakeFindDependencyMacro.cmake",
		"E:/QT/6.8.3/mingw_64/lib/cmake/Qt6/Qt6Dependencies.cmake",
		"E:/QT/6.8.3/mingw_64/lib/cmake/Qt6Core/Qt6CoreConfigVersion.cmake",
		"E:/QT/6.8.3/mingw_64/lib/cmake/Qt6Core/Qt6CoreConfigVersionImpl.cmake",
		"E:/QT/6.8.3/mingw_64/lib/cmake/Qt6Core/Qt6CoreConfig.cmake",
		"E:/QT/Tools/CMake_64/share/cmake-3.30/Modules/CMakeFindDependencyMacro.cmake",
		"E:/QT/6.8.3/mingw_64/lib/cmake/Qt6Core/Qt6CoreDependencies.cmake",
		"E:/QT/6.8.3/mingw_64/lib/cmake/Qt6CoreTools/Qt6CoreToolsConfigVersion.cmake",
		"E:/QT/6.8.3/mingw_64/lib/cmake/Qt6CoreTools/Qt6CoreToolsConfigVersionImpl.cmake",
		"E:/QT/6.8.3/mingw_64/lib/cmake/Qt6CoreTools/Qt6CoreToolsConfig.cmake",
		"E:/QT/Tools/CMake_64/share/cmake-3.30/Modules/CMakeFindDependencyMacro.cmake",
		"E:/QT/6.8.3/mingw_64/lib/cmake/Qt6CoreTools/Qt6CoreToolsDependencies.cmake",
		"E:/QT/6.8.3/mingw_64/lib/cmake/Qt6CoreTools/Qt6CoreToolsTargets.cmake",
		"E:/QT/6.8.3/mingw_64/lib/cmake/Qt6CoreTools/Qt6CoreToolsAdditionalTargetInfo.cmake",
		"E:/QT/6.8.3/mingw_64/lib/cmake/Qt6CoreTools/Qt6CoreToolsVersionlessTargets.cmake",
		"E:/QT/6.8.3/mingw_64/lib/cmake/Qt6Core/Qt6CoreTargets.cmake",
		"E:/QT/6.8.3/mingw_64/lib/cmake/Qt6Core/Qt6CoreAdditionalTargetInfo.cmake",
		"E:/QT/6.8.3/mingw_64/lib/cmake/Qt6Core/Qt6CoreMacros.cmake",
		"E:/QT/6.8.3/mingw_64/lib/cmake/Qt6Core/Qt6CoreConfigExtras.cmake",
		"E:/QT/6.8.3/mingw_64/lib/cmake/Qt6Core/Qt6CoreVersionlessAliasTargets.cmake",
		"E:/QT/6.8.3/mingw_64/lib/cmake/Qt6/Qt6ConfigVersion.cmake",
		"E:/QT/6.8.3/mingw_64/lib/cmake/Qt6/Qt6ConfigVersionImpl.cmake",
		"E:/QT/6.8.3/mingw_64/lib/cmake/Qt6/Qt6Config.cmake",
		"E:/QT/6.8.3/mingw_64/lib/cmake/Qt6/Qt6ConfigExtras.cmake",
		"E:/QT/6.8.3/mingw_64/lib/cmake/Qt6/QtPublicCMakeVersionHelpers.cmake",
		"E:/QT/6.8.3/mingw_64/lib/cmake/Qt6/QtPublicCMakeHelpers.cmake",
		"E:/QT/6.8.3/mingw_64/lib/cmake/Qt6/QtInstallPaths.cmake",
		"E:/QT/6.8.3/mingw_64/lib/cmake/Qt6/Qt6Targets.cmake",
		"E:/QT/6.8.3/mingw_64/lib/cmake/Qt6/Qt6VersionlessAliasTargets.cmake",
		"E:/QT/6.8.3/mingw_64/lib/cmake/Qt6/QtFeature.cmake",
		"E:/QT/Tools/CMake_64/share/cmake-3.30/Modules/CheckCXXCompilerFlag.cmake",
		"E:/QT/6.8.3/mingw_64/lib/cmake/Qt6/QtFeatureCommon.cmake",
		"E:/QT/6.8.3/mingw_64/lib/cmake/Qt6/QtPublicAppleHelpers.cmake",
		"E:/QT/6.8.3/mingw_64/lib/cmake/Qt6/QtPublicCMakeHelpers.cmake",
		"E:/QT/6.8.3/mingw_64/lib/cmake/Qt6/QtPublicCMakeVersionHelpers.cmake",
		"E:/QT/6.8.3/mingw_64/lib/cmake/Qt6/QtPublicDependencyHelpers.cmake",
		"E:/QT/6.8.3/mingw_64/lib/cmake/Qt6/QtPublicExternalProjectHelpers.cmake",
		"E:/QT/6.8.3/mingw_64/lib/cmake/Qt6/QtPublicFinalizerHelpers.cmake",
		"E:/QT/6.8.3/mingw_64/lib/cmake/Qt6/QtPublicFindPackageHelpers.cmake",
		"E:/QT/6.8.3/mingw_64/lib/cmake/Qt6/QtPublicGitHelpers.cmake",
		"E:/QT/6.8.3/mingw_64/lib/cmake/Qt6/QtPublicPluginHelpers.cmake",
		"E:/QT/6.8.3/mingw_64/lib/cmake/Qt6/QtPublicSbomAttributionHelpers.cmake",
		"E:/QT/6.8.3/mingw_64/lib/cmake/Qt6/QtPublicSbomCpeHelpers.cmake",
		"E:/QT/6.8.3/mingw_64/lib/cmake/Qt6/QtPublicSbomDepHelpers.cmake",
		"E:/QT/6.8.3/mingw_64/lib/cmake/Qt6/QtPublicSbomFileHelpers.cmake",
		"E:/QT/6.8.3/mingw_64/lib/cmake/Qt6/QtPublicSbomGenerationHelpers.cmake",
		"E:/QT/6.8.3/mingw_64/lib/cmake/Qt6/QtPublicSbomHelpers.cmake",
		"E:/QT/6.8.3/mingw_64/lib/cmake/Qt6/QtPublicSbomLicenseHelpers.cmake",
		"E:/QT/6.8.3/mingw_64/lib/cmake/Qt6/QtPublicSbomOpsHelpers.cmake",
		"E:/QT/6.8.3/mingw_64/lib/cmake/Qt6/QtPublicSbomPurlHelpers.cmake",
		"E:/QT/6.8.3/mingw_64/lib/cmake/Qt6/QtPublicSbomPythonHelpers.cmake",
		"E:/QT/6.8.3/mingw_64/lib/cmake/Qt6/QtPublicSbomQtEntityHelpers.cmake",
		"E:/QT/6.8.3/mingw_64/lib/cmake/Qt6/QtPublicSbomSystemDepHelpers.cmake",
		"E:/QT/6.8.3/mingw_64/lib/cmake/Qt6/QtPublicTargetHelpers.cmake",
		"E:/QT/6.8.3/mingw_64/lib/cmake/Qt6/QtPublicTestHelpers.cmake",
		"E:/QT/6.8.3/mingw_64/lib/cmake/Qt6/QtPublicToolHelpers.cmake",
		"E:/QT/6.8.3/mingw_64/lib/cmake/Qt6/QtPublicWalkLibsHelpers.cmake",
		"E:/QT/Tools/CMake_64/share/cmake-3.30/Modules/CMakeFindDependencyMacro.cmake",
		"E:/QT/6.8.3/mingw_64/lib/cmake/Qt6/Qt6Dependencies.cmake",
		"E:/QT/6.8.3/mingw_64/lib/cmake/Qt6Core/Qt6CoreConfigVersion.cmake",
		"E:/QT/6.8.3/mingw_64/lib/cmake/Qt6Core/Qt6CoreConfigVersionImpl.cmake",
		"E:/QT/6.8.3/mingw_64/lib/cmake/Qt6Core/Qt6CoreConfig.cmake",
		"E:/QT/Tools/CMake_64/share/cmake-3.30/Modules/CMakeFindDependencyMacro.cmake",
		"E:/QT/6.8.3/mingw_64/lib/cmake/Qt6Core/Qt6CoreDependencies.cmake",
		"E:/QT/6.8.3/mingw_64/lib/cmake/Qt6CoreTools/Qt6CoreToolsConfigVersion.cmake",
		"E:/QT/6.8.3/mingw_64/lib/cmake/Qt6CoreTools/Qt6CoreToolsConfigVersionImpl.cmake",
		"E:/QT/6.8.3/mingw_64/lib/cmake/Qt6CoreTools/Qt6CoreToolsConfig.cmake",
		"E:/QT/Tools/CMake_64/share/cmake-3.30/Modules/CMakeFindDependencyMacro.cmake",
		"E:/QT/6.8.3/mingw_64/lib/cmake/Qt6CoreTools/Qt6CoreToolsDependencies.cmake",
		"E:/QT/6.8.3/mingw_64/lib/cmake/Qt6CoreTools/Qt6CoreToolsTargets.cmake",
		"E:/QT/6.8.3/mingw_64/lib/cmake/Qt6CoreTools/Qt6CoreToolsAdditionalTargetInfo.cmake",
		"E:/QT/6.8.3/mingw_64/lib/cmake/Qt6CoreTools/Qt6CoreToolsVersionlessTargets.cmake",
		"E:/QT/6.8.3/mingw_64/lib/cmake/Qt6Core/Qt6CoreTargets.cmake",
		"E:/QT/6.8.3/mingw_64/lib/cmake/Qt6Core/Qt6CoreAdditionalTargetInfo.cmake",
		"E:/QT/6.8.3/mingw_64/lib/cmake/Qt6Core/Qt6CoreMacros.cmake",
		"E:/QT/6.8.3/mingw_64/lib/cmake/Qt6Core/Qt6CoreConfigExtras.cmake",
		"E:/QT/6.8.3/mingw_64/lib/cmake/Qt6Core/Qt6CoreVersionlessAliasTargets.cmake",
		"E:/QT/6.8.3/mingw_64/lib/cmake/Qt6/Qt6ConfigVersion.cmake",
		"E:/QT/6.8.3/mingw_64/lib/cmake/Qt6/Qt6ConfigVersionImpl.cmake",
		"E:/QT/6.8.3/mingw_64/lib/cmake/Qt6/Qt6Config.cmake",
		"E:/QT/6.8.3/mingw_64/lib/cmake/Qt6/Qt6ConfigExtras.cmake",
		"E:/QT/6.8.3/mingw_64/lib/cmake/Qt6/QtPublicCMakeVersionHelpers.cmake",
		"E:/QT/6.8.3/mingw_64/lib/cmake/Qt6/QtPublicCMakeHelpers.cmake",
		"E:/QT/6.8.3/mingw_64/lib/cmake/Qt6/QtInstallPaths.cmake",
		"E:/QT/6.8.3/mingw_64/lib/cmake/Qt6/Qt6Targets.cmake",
		"E:/QT/6.8.3/mingw_64/lib/cmake/Qt6/Qt6VersionlessAliasTargets.cmake",
		"E:/QT/6.8.3/mingw_64/lib/cmake/Qt6/QtFeature.cmake",
		"E:/QT/Tools/CMake_64/share/cmake-3.30/Modules/CheckCXXCompilerFlag.cmake",
		"E:/QT/6.8.3/mingw_64/lib/cmake/Qt6/QtFeatureCommon.cmake",
		"E:/QT/6.8.3/mingw_64/lib/cmake/Qt6/QtPublicAppleHelpers.cmake",
		"E:/QT/6.8.3/mingw_64/lib/cmake/Qt6/QtPublicCMakeHelpers.cmake",
		"E:/QT/6.8.3/mingw_64/lib/cmake/Qt6/QtPublicCMakeVersionHelpers.cmake",
		"E:/QT/6.8.3/mingw_64/lib/cmake/Qt6/QtPublicDependencyHelpers.cmake",
		"E:/QT/6.8.3/mingw_64/lib/cmake/Qt6/QtPublicExternalProjectHelpers.cmake",
		"E:/QT/6.8.3/mingw_64/lib/cmake/Qt6/QtPublicFinalizerHelpers.cmake",
		"E:/QT/6.8.3/mingw_64/lib/cmake/Qt6/QtPublicFindPackageHelpers.cmake",
		"E:/QT/6.8.3/mingw_64/lib/cmake/Qt6/QtPublicGitHelpers.cmake",
		"E:/QT/6.8.3/mingw_64/lib/cmake/Qt6/QtPublicPluginHelpers.cmake",
		"E:/QT/6.8.3/mingw_64/lib/cmake/Qt6/QtPublicSbomAttributionHelpers.cmake",
		"E:/QT/6.8.3/mingw_64/lib/cmake/Qt6/QtPublicSbomCpeHelpers.cmake",
		"E:/QT/6.8.3/mingw_64/lib/cmake/Qt6/QtPublicSbomDepHelpers.cmake",
		"E:/QT/6.8.3/mingw_64/lib/cmake/Qt6/QtPublicSbomFileHelpers.cmake",
		"E:/QT/6.8.3/mingw_64/lib/cmake/Qt6/QtPublicSbomGenerationHelpers.cmake",
		"E:/QT/6.8.3/mingw_64/lib/cmake/Qt6/QtPublicSbomHelpers.cmake",
		"E:/QT/6.8.3/mingw_64/lib/cmake/Qt6/QtPublicSbomLicenseHelpers.cmake",
		"E:/QT/6.8.3/mingw_64/lib/cmake/Qt6/QtPublicSbomOpsHelpers.cmake",
		"E:/QT/6.8.3/mingw_64/lib/cmake/Qt6/QtPublicSbomPurlHelpers.cmake",
		"E:/QT/6.8.3/mingw_64/lib/cmake/Qt6/QtPublicSbomPythonHelpers.cmake",
		"E:/QT/6.8.3/mingw_64/lib/cmake/Qt6/QtPublicSbomQtEntityHelpers.cmake",
		"E:/QT/6.8.3/mingw_64/lib/cmake/Qt6/QtPublicSbomSystemDepHelpers.cmake",
		"E:/QT/6.8.3/mingw_64/lib/cmake/Qt6/QtPublicTargetHelpers.cmake",
		"E:/QT/6.8.3/mingw_64/lib/cmake/Qt6/QtPublicTestHelpers.cmake",
		"E:/QT/6.8.3/mingw_64/lib/cmake/Qt6/QtPublicToolHelpers.cmake",
		"E:/QT/6.8.3/mingw_64/lib/cmake/Qt6/QtPublicWalkLibsHelpers.cmake",
		"E:/QT/Tools/CMake_64/share/cmake-3.30/Modules/CMakeFindDependencyMacro.cmake",
		"E:/QT/6.8.3/mingw_64/lib/cmake/Qt6/Qt6Dependencies.cmake",
		"E:/QT/Tools/CMake_64/share/cmake-3.30/Modules/GNUInstallDirs.cmake",
		"E:/QT/Tools/CMake_64/share/cmake-3.30/Modules/GNUInstallDirs.cmake"
	],
	"CMAKE_SOURCE_DIR" : "E:/SerialQT/Humidity",
	"CROSS_CONFIG" : false,
	"DEP_FILE" : "E:/SerialQT/Humidity/build/Desktop_Qt_6_8_3_MinGW_64_bit-Release/Humidity_autogen/deps",
	"DEP_FILE_RULE_NAME" : "Humidity_autogen/timestamp",
	"HEADERS" : 
	[
		[
			"E:/SerialQT/Humidity/ModbusSettings.h",
			"MU",
			"EWIEGA46WW/moc_ModbusSettings.cpp",
			null
		],
		[
			"E:/SerialQT/Humidity/databasepicture.h",
			"MU",
			"EWIEGA46WW/moc_databasepicture.cpp",
			null
		],
		[ "E:/SerialQT/Humidity/deb.h", "MU", "EWIEGA46WW/moc_deb.cpp", null ],
		[
			"E:/SerialQT/Humidity/login.h",
			"MU",
			"EWIEGA46WW/moc_login.cpp",
			null
		],
		[
			"E:/SerialQT/Humidity/loginIDandPassword.h",
			"MU",
			"EWIEGA46WW/moc_loginIDandPassword.cpp",
			null
		],
		[
			"E:/SerialQT/Humidity/mainwindow.h",
			"MU",
			"EWIEGA46WW/moc_mainwindow.cpp",
			null
		],
		[
			"E:/SerialQT/Humidity/mymodbus.h",
			"MU",
			"EWIEGA46WW/moc_mymodbus.cpp",
			null
		],
		[
			"E:/SerialQT/Humidity/mymodbuswork.h",
			"MU",
			"EWIEGA46WW/moc_mymodbuswork.cpp",
			null
		],
		[
			"E:/SerialQT/Humidity/myserials.h",
			"MU",
			"EWIEGA46WW/moc_myserials.cpp",
			null
		],
		[
			"E:/SerialQT/Humidity/myserialwork.h",
			"MU",
			"EWIEGA46WW/moc_myserialwork.cpp",
			null
		],
		[
			"E:/SerialQT/Humidity/networkwork.h",
			"MU",
			"EWIEGA46WW/moc_networkwork.cpp",
			null
		],
		[ "E:/SerialQT/Humidity/sql.h", "MU", "EWIEGA46WW/moc_sql.cpp", null ],
		[
			"E:/SerialQT/Humidity/sqlitework.h",
			"MU",
			"EWIEGA46WW/moc_sqlitework.cpp",
			null
		]
	],
	"HEADER_EXTENSIONS" : [ "h", "hh", "h++", "hm", "hpp", "hxx", "in", "txx" ],
	"INCLUDE_DIR" : "E:/SerialQT/Humidity/build/Desktop_Qt_6_8_3_MinGW_64_bit-Release/Humidity_autogen/include",
	"MOC_COMPILATION_FILE" : "E:/SerialQT/Humidity/build/Desktop_Qt_6_8_3_MinGW_64_bit-Release/Humidity_autogen/mocs_compilation.cpp",
	"MOC_DEFINITIONS" : 
	[
		"MINGW_HAS_SECURE_API=1",
		"QT_CHARTS_LIB",
		"QT_CORE_LIB",
		"QT_GUI_LIB",
		"QT_NEEDS_QMAIN",
		"QT_NETWORK_LIB",
		"QT_NO_DEBUG",
		"QT_OPENGLWIDGETS_LIB",
		"QT_OPENGL_LIB",
		"QT_SERIALBUS_LIB",
		"QT_SERIALPORT_LIB",
		"QT_SQL_LIB",
		"QT_WIDGETS_LIB",
		"UNICODE",
		"WIN32",
		"WIN64",
		"_ENABLE_EXTENDED_ALIGNED_STORAGE",
		"_UNICODE",
		"_WIN64"
	],
	"MOC_DEPEND_FILTERS" : 
	[
		[
			"Q_PLUGIN_METADATA",
			"[\n][ \t]*Q_PLUGIN_METADATA[ \t]*\\([^\\)]*FILE[ \t]*\"([^\"]+)\""
		]
	],
	"MOC_INCLUDES" : 
	[
		"E:/QT/6.8.3/mingw_64/include/QtCore",
		"E:/QT/6.8.3/mingw_64/include",
		"E:/QT/6.8.3/mingw_64/mkspecs/win32-g++",
		"E:/QT/6.8.3/mingw_64/include/QtWidgets",
		"E:/QT/6.8.3/mingw_64/include/QtGui",
		"E:/QT/6.8.3/mingw_64/include/QtCharts",
		"E:/QT/6.8.3/mingw_64/include/QtOpenGL",
		"E:/QT/6.8.3/mingw_64/include/QtOpenGLWidgets",
		"E:/QT/6.8.3/mingw_64/include/QtSerialBus",
		"E:/QT/6.8.3/mingw_64/include/QtNetwork",
		"E:/QT/6.8.3/mingw_64/include/QtSerialPort",
		"E:/QT/6.8.3/mingw_64/include/QtSql",
		"E:/QT/Tools/mingw1310_64/lib/gcc/x86_64-w64-mingw32/13.1.0/include/c++",
		"E:/QT/Tools/mingw1310_64/lib/gcc/x86_64-w64-mingw32/13.1.0/include/c++/x86_64-w64-mingw32",
		"E:/QT/Tools/mingw1310_64/lib/gcc/x86_64-w64-mingw32/13.1.0/include/c++/backward",
		"E:/QT/Tools/mingw1310_64/lib/gcc/x86_64-w64-mingw32/13.1.0/include",
		"E:/QT/Tools/mingw1310_64/lib/gcc/x86_64-w64-mingw32/13.1.0/include-fixed",
		"E:/QT/Tools/mingw1310_64/x86_64-w64-mingw32/include"
	],
	"MOC_MACRO_NAMES" : 
	[
		"Q_OBJECT",
		"Q_GADGET",
		"Q_NAMESPACE",
		"Q_NAMESPACE_EXPORT",
		"Q_GADGET_EXPORT",
		"Q_ENUM_NS"
	],
	"MOC_OPTIONS" : [],
	"MOC_PATH_PREFIX" : false,
	"MOC_PREDEFS_CMD" : 
	[
		"E:/QT/Tools/mingw1310_64/bin/g++.exe",
		"-dM",
		"-E",
		"-c",
		"E:/QT/Tools/CMake_64/share/cmake-3.30/Modules/CMakeCXXCompilerABI.cpp"
	],
	"MOC_PREDEFS_FILE" : "E:/SerialQT/Humidity/build/Desktop_Qt_6_8_3_MinGW_64_bit-Release/Humidity_autogen/moc_predefs.h",
	"MOC_RELAXED_MODE" : false,
	"MOC_SKIP" : [],
	"MULTI_CONFIG" : false,
	"PARALLEL" : 6,
	"PARSE_CACHE_FILE" : "E:/SerialQT/Humidity/build/Desktop_Qt_6_8_3_MinGW_64_bit-Release/CMakeFiles/Humidity_autogen.dir/ParseCache.txt",
	"QT_MOC_EXECUTABLE" : "E:/QT/6.8.3/mingw_64/bin/moc.exe",
	"QT_UIC_EXECUTABLE" : "E:/QT/6.8.3/mingw_64/bin/uic.exe",
	"QT_VERSION_MAJOR" : 6,
	"QT_VERSION_MINOR" : 8,
	"SETTINGS_FILE" : "E:/SerialQT/Humidity/build/Desktop_Qt_6_8_3_MinGW_64_bit-Release/CMakeFiles/Humidity_autogen.dir/AutogenUsed.txt",
	"SOURCES" : 
	[
		[ "E:/SerialQT/Humidity/databasepicture.cpp", "MU", null ],
		[ "E:/SerialQT/Humidity/deb.cpp", "MU", null ],
		[ "E:/SerialQT/Humidity/login.cpp", "MU", null ],
		[ "E:/SerialQT/Humidity/main.cpp", "MU", null ],
		[ "E:/SerialQT/Humidity/mainwindow.cpp", "MU", null ],
		[ "E:/SerialQT/Humidity/mymodbus.cpp", "MU", null ],
		[ "E:/SerialQT/Humidity/mymodbuswork.cpp", "MU", null ],
		[ "E:/SerialQT/Humidity/myserials.cpp", "MU", null ],
		[ "E:/SerialQT/Humidity/myserialwork.cpp", "MU", null ],
		[ "E:/SerialQT/Humidity/networkwork.cpp", "MU", null ],
		[ "E:/SerialQT/Humidity/sql.cpp", "MU", null ],
		[ "E:/SerialQT/Humidity/sqlitework.cpp", "MU", null ]
	],
	"UIC_OPTIONS" : [],
	"UIC_SEARCH_PATHS" : [],
	"UIC_SKIP" : [],
	"UIC_UI_FILES" : [],
	"USE_BETTER_GRAPH" : true,
	"VERBOSITY" : 0
}
